t,UAB
0,0.95
0.005,0.94998
0.01,0.94999
0.015,0.94997
0.02,0.94997
0.025,0.94996
0.03,0.94994
0.035,0.94992
0.04,0.94994
0.045,0.94992
0.05,0.94994
0.055,0.94992
0.06,0.94994
0.065,0.94993
0.07,0.94993
0.075,0.94993
0.08,0.94993
0.085,0.94993
0.09,0.94993
0.095,0.94992
0.1,0.94992
0.105,0.9499
0.11,0.9499
0.115,0.94987
0.12,0.94987
0.125,0.94984
0.13,0.94984
0.135,0.94982
0.14,0.94983
0.145,0.9498
0.15,0.94981
0.155,0.94978
0.16,0.9498
0.165,0.94979
0.17,0.94982
0.175,0.94981
0.18,0.94983
0.185,0.94983
0.19,0.94984
0.195,0.94984
0.2,0.94986
0.205,0.94985
0.21,0.94986
0.215,0.94985
0.22,0.94985
0.225,0.94982
0.23,0.94983
0.235,0.9498
0.24,0.94982
0.245,0.94979
0.25,0.94981
0.255,0.94979
0.26,0.94982
0.265,0.9498
0.27,0.94983
0.275,0.94982
0.28,0.94983
0.285,0.94983
0.29,0.94985
0.295,0.94985
0.3,0.94988
0.305,0.94988
0.31,0.9499
0.315,0.9499
0.32,0.9499
0.325,0.94989
0.33,0.94989
0.335,0.94989
0.34,0.9499
0.345,0.94988
0.35,0.94989
0.355,0.94986
0.36,0.94987
0.365,0.94985
0.37,0.94987
0.375,0.94985
0.38,0.94987
0.385,0.94985
0.39,0.94988
0.395,0.94986
0.4,0.94988
0.405,0.94987
0.41,0.94987
0.415,0.94985
0.42,0.94986
0.425,0.94985
0.43,0.94987
0.435,0.94986
0.44,0.94988
0.445,0.94988
0.45,0.9499
0.455,0.9499
0.46,0.94992
0.465,0.94992
0.47,0.9499
0.475,0.94988
0.48,0.94987
0.485,0.94984
0.49,0.94985
0.495,0.94982
0.5,0.94984
0.505,0.94981
0.51,0.94983
0.515,0.9498
0.52,0.94983
0.525,0.94982
0.53,0.94984
0.535,0.94982
0.54,0.94984
0.545,0.94983
0.55,0.94986
0.555,0.94985
0.56,0.94988
0.565,0.94987
0.57,0.94989
0.575,0.94989
0.58,0.9499
0.585,0.9499
0.59,0.94993
0.595,0.94992
0.6,0.94993
0.605,0.94991
0.61,0.94993
0.615,0.94991
0.62,0.94992
0.625,0.94991
0.63,0.94993
0.635,0.94992
0.64,0.94997
0.645,0.94997
0.65,0.94999
0.655,0.94999
0.66,0.94999
0.665,0.95
0.67,0.95002
0.675,0.95003
0.68,0.95006
0.685,0.95006
0.69,0.95007
0.695,0.95008
0.7,0.95008
0.705,0.95008
0.71,0.95007
0.715,0.95006
0.72,0.95005
0.725,0.95002
0.73,0.95005
0.735,0.95002
0.74,0.95004
0.745,0.95002
0.75,0.95003
0.755,0.95
0.76,0.95003
0.765,0.95001
0.77,0.95005
0.775,0.95003
0.78,0.95003
0.785,0.95003
0.79,0.95004
0.795,0.95004
0.8,0.95006
0.805,0.95006
0.81,0.95007
0.815,0.95008
0.82,0.95011
0.825,0.95012
0.83,0.95012
0.835,0.95012
0.84,0.95013
0.845,0.95012
0.85,0.95014
0.855,0.95015
0.86,0.95015
0.865,0.95014
0.87,0.95012
0.875,0.9501
0.88,0.95011
0.885,0.95009
0.89,0.95009
0.895,0.95007
0.9,0.95007
0.905,0.95005
0.91,0.95006
0.915,0.95005
0.92,0.95005
0.925,0.95003
0.93,0.95004
0.935,0.95001
0.94,0.95001
0.945,0.94998
0.95,0.94998
0.955,0.94996
0.96,0.94997
0.965,0.94995
0.97,0.94996
0.975,0.94994
0.98,0.94993
0.985,0.94991
0.99,0.94993
0.995,0.9499
1,0.94994
1.005,0.94992
1.01,0.94993
1.015,0.94983
1.02,0.95035
1.025,0.9506
1.03,0.95226
1.035,0.953
1.04,0.95533
1.045,0.95611
1.05,0.95845
1.055,0.95923
1.06,0.96154
1.065,0.96229
1.07,0.96447
1.075,0.96518
1.08,0.96724
1.085,0.9679
1.09,0.96983
1.095,0.97044
1.1,0.97222
1.105,0.97279
1.11,0.97441
1.115,0.97493
1.12,0.97644
1.125,0.97691
1.13,0.97829
1.135,0.9787
1.14,0.97999
1.145,0.98038
1.15,0.98156
1.155,0.98193
1.16,0.98303
1.165,0.98337
1.17,0.98436
1.175,0.98469
1.18,0.9856
1.185,0.98589
1.19,0.9867
1.195,0.98696
1.2,0.98776
1.205,0.98799
1.21,0.98868
1.215,0.98889
1.22,0.98953
1.225,0.98972
1.23,0.99033
1.235,0.9905
1.24,0.99106
1.245,0.99121
1.25,0.99174
1.255,0.99189
1.26,0.99238
1.265,0.99253
1.27,0.99297
1.275,0.99311
1.28,0.99352
1.285,0.99364
1.29,0.994
1.295,0.99411
1.3,0.99444
1.305,0.99452
1.31,0.99484
1.315,0.99489
1.32,0.99521
1.325,0.99526
1.33,0.99556
1.335,0.9956
1.34,0.99588
1.345,0.99596
1.35,0.9962
1.355,0.99627
1.36,0.99649
1.365,0.99657
1.37,0.99677
1.375,0.99687
1.38,0.99705
1.385,0.99714
1.39,0.99729
1.395,0.99736
1.4,0.9975
1.405,0.99753
1.41,0.99769
1.415,0.99772
1.42,0.99787
1.425,0.99791
1.43,0.99805
1.435,0.99808
1.44,0.99821
1.445,0.99824
1.45,0.99834
1.455,0.99836
1.46,0.99847
1.465,0.99848
1.47,0.9986
1.475,0.99861
1.48,0.99873
1.485,0.99874
1.49,0.99884
1.495,0.99883
1.5,0.99892
1.505,0.99892
1.51,0.99902
1.515,0.99901
1.52,0.99912
1.525,0.99914
1.53,0.99924
1.535,0.99924
1.54,0.99932
1.545,0.99933
1.55,0.99938
1.555,0.99941
1.56,0.99948
1.565,0.9995
1.57,0.99955
1.575,0.99958
1.58,0.99962
1.585,0.99965
1.59,0.99969
1.595,0.9997
1.6,0.99974
1.605,0.99974
1.61,0.99977
1.615,0.99978
1.62,0.99982
1.625,0.99982
1.63,0.99986
1.635,0.99986
1.64,0.9999
1.645,0.99992
1.65,0.99996
1.655,0.99999
1.66,0.99999
1.665,1
1.67,1.00001
1.675,1
1.68,1.00002
1.685,1.00001
1.69,1.00005
1.695,1.00001
1.7,1.00006
1.705,1.00004
1.71,1.00009
1.715,1.00008
1.72,1.00011
1.725,1.00012
1.73,1.00015
1.735,1.00016
1.74,1.00017
1.745,1.00018
1.75,1.00019
1.755,1.00019
1.76,1.0002
1.765,1.00017
1.77,1.00019
1.775,1.00017
1.78,1.0002
1.785,1.00019
1.79,1.00022
1.795,1.0002
1.8,1.00022
1.805,1.00021
1.81,1.00019
1.815,1.00018
1.82,1.00017
1.825,1.00015
1.83,1.00016
1.835,1.00013
1.84,1.00015
1.845,1.00011
1.85,1.00013
1.855,1.00008
1.86,1.0001
1.865,1.00005
1.87,1.00007
1.875,1.00004
1.88,1.00007
1.885,1.00005
1.89,1.00006
1.895,1.00005
1.9,1.00005
1.905,1.00006
1.91,1.00005
1.915,1.00005
1.92,1.00006
1.925,1.00006
1.93,1.00006
1.935,1.00008
1.94,1.00006
1.945,1.00005
1.95,1.00002
1.955,1.00003
1.96,1.00002
1.965,1
1.97,1.00003
1.975,0.99996
1.98,0.99999
1.985,0.99994
1.99,0.99997
1.995,0.99991
2,0.99995
2.005,0.99992
2.01,0.99995
2.015,0.99993
2.02,0.99994
2.025,0.99994
2.03,0.99994
2.035,0.99994
2.04,0.99994
2.045,0.99991
2.05,0.99991
2.055,0.99988
2.06,0.99989
2.065,0.99987
2.07,0.99991
2.075,0.99989
2.08,0.99992
2.085,0.9999
2.09,0.9999
2.095,0.99985
2.1,0.99986
2.105,0.99983
2.11,0.99986
2.115,0.99984
2.12,0.99985
2.125,0.99982
2.13,0.99983
2.135,0.9998
2.14,0.99983
2.145,0.9998
2.15,0.99981
2.155,0.99977
2.16,0.9998
2.165,0.99976
2.17,0.99979
2.175,0.99975
2.18,0.99977
2.185,0.99974
2.19,0.99975
2.195,0.99974
2.2,0.99976
2.205,0.99978
2.21,0.99977
2.215,0.99979
2.22,0.99976
2.225,0.99975
2.23,0.99974
2.235,0.9997
2.24,0.99971
2.245,0.99967
2.25,0.9997
2.255,0.99965
2.26,0.99969
2.265,0.99966
2.27,0.99968
2.275,0.99968
2.28,0.99969
2.285,0.99971
2.29,0.99971
2.295,0.99975
2.3,0.99973
2.305,0.99975
2.31,0.99972
2.315,0.99971
2.32,0.9997
2.325,0.99967
2.33,0.99969
2.335,0.99965
2.34,0.99967
2.345,0.99964
2.35,0.99966
2.355,0.99963
2.36,0.99966
2.365,0.99965
2.37,0.99965
2.375,0.99966
2.38,0.99966
2.385,0.99968
2.39,0.99966
2.395,0.99968
2.4,0.99967
2.405,0.99966
2.41,0.99965
2.415,0.99961
2.42,0.99962
2.425,0.99956
2.43,0.99959
2.435,0.99952
2.44,0.99958
2.445,0.99956
2.45,0.99961
2.455,0.9996
2.46,0.9996
2.465,0.99965
2.47,0.99963
2.475,0.99972
2.48,0.99968
2.485,0.99974
2.49,0.99969
2.495,0.99977
2.5,0.99971
2.505,0.99973
2.51,0.99968
2.515,0.99969
2.52,0.99969
2.525,0.99968
2.53,0.99969
2.535,0.99968
2.54,0.99968
2.545,0.99967
2.55,0.99968
2.555,0.99968
2.56,0.99969
2.565,0.99973
2.57,0.9997
2.575,0.99974
2.58,0.9997
2.585,0.9997
2.59,0.99967
2.595,0.99968
2.6,0.99968
2.605,0.99966
2.61,0.99967
2.615,0.99963
2.62,0.99965
2.625,0.99962
2.63,0.99965
2.635,0.99961
2.64,0.99963
2.645,0.99962
2.65,0.99962
2.655,0.9996
2.66,0.99959
2.665,0.99955
2.67,0.99956
2.675,0.99951
2.68,0.99955
2.685,0.99951
2.69,0.99954
2.695,0.99946
2.7,0.99951
2.705,0.99946
2.71,0.9995
2.715,0.99947
2.72,0.99948
2.725,0.9995
2.73,0.99948
2.735,0.99953
2.74,0.9995
2.745,0.99954
2.75,0.99948
2.755,0.9995
2.76,0.99947
2.765,0.99945
2.77,0.99944
2.775,0.99938
2.78,0.9994
2.785,0.9993
2.79,0.99937
2.795,0.99926
2.8,0.99935
2.805,0.9993
2.81,0.99936
2.815,0.9993
2.82,0.99933
2.825,0.99935
2.83,0.99934
2.835,0.9994
2.84,0.99936
2.845,0.99938
2.85,0.99935
2.855,0.99937
2.86,0.99933
2.865,0.99933
2.87,0.9993
2.875,0.99928
2.88,0.99929
2.885,0.99927
2.89,0.9993
2.895,0.99927
2.9,0.99927
2.905,0.99926
2.91,0.99927
2.915,0.99929
2.92,0.99928
2.925,0.99928
2.93,0.99925
2.935,0.99923
2.94,0.99924
2.945,0.99922
2.95,0.99923
2.955,0.99919
2.96,0.9992
2.965,0.99913
2.97,0.99918
2.975,0.99914
2.98,0.99917
2.985,0.99918
2.99,0.99919
2.995,0.99918
3,0.99919
3.005,0.99921
3.01,0.99919
3.015,0.99921
3.02,0.99917
3.025,0.99916
3.03,0.99916
3.035,0.99913
3.04,0.99916
3.045,0.99911
3.05,0.99915
3.055,0.99907
3.06,0.99914
3.065,0.99907
3.07,0.99912
3.075,0.99903
3.08,0.99908
3.085,0.99903
3.09,0.99909
3.095,0.99907
3.1,0.9991
3.105,0.99913
3.11,0.99912
3.115,0.99916
3.12,0.99914
3.125,0.99917
3.13,0.99915
3.135,0.99916
3.14,0.99915
3.145,0.99913
3.15,0.99913
3.155,0.99908
3.16,0.99912
3.165,0.99906
3.17,0.99912
3.175,0.99905
3.18,0.9991
3.185,0.99908
3.19,0.99911
3.195,0.9991
3.2,0.9991
3.205,0.99911
3.21,0.9991
3.215,0.99912
3.22,0.99911
3.225,0.99911
3.23,0.99909
3.235,0.99907
3.24,0.99907
3.245,0.99906
3.25,0.99907
3.255,0.99905
3.26,0.99905
3.265,0.99905
3.27,0.99905
3.275,0.99909
3.28,0.99908
3.285,0.99911
3.29,0.99909
3.295,0.99908
3.3,0.99907
3.305,0.99905
3.31,0.99906
3.315,0.99904
3.32,0.99906
3.325,0.99904
3.33,0.99907
3.335,0.99904
3.34,0.99905
3.345,0.99907
3.35,0.99907
3.355,0.99912
3.36,0.99913
3.365,0.99918
3.37,0.99913
3.375,0.99923
3.38,0.99917
3.385,0.99925
3.39,0.99919
3.395,0.99927
3.4,0.9992
3.405,0.99921
3.41,0.99918
3.415,0.99918
3.42,0.99917
3.425,0.99913
3.43,0.99916
3.435,0.99907
3.44,0.99913
3.445,0.99907
3.45,0.99913
3.455,0.9991
3.46,0.99913
3.465,0.99914
3.47,0.99915
3.475,0.99919
3.48,0.99917
3.485,0.99923
3.49,0.99917
3.495,0.99923
3.5,0.99918
3.505,0.99921
3.51,0.99919
3.515,0.9992
3.52,0.99919
3.525,0.99915
3.53,0.99917
3.535,0.99913
3.54,0.99916
3.545,0.99913
3.55,0.99916
3.555,0.99913
3.56,0.99916
3.565,0.99915
3.57,0.99916
3.575,0.99917
3.58,0.99916
3.585,0.99919
3.59,0.99917
3.595,0.99921
3.6,0.99919
3.605,0.9992
3.61,0.99919
3.615,0.99919
3.62,0.99918
3.625,0.99921
3.63,0.99919
3.635,0.99923
3.64,0.99921
3.645,0.99922
3.65,0.99919
3.655,0.99921
3.66,0.99916
3.665,0.99917
3.67,0.99915
3.675,0.99913
3.68,0.99915
3.685,0.99909
3.69,0.99911
3.695,0.99903
3.7,0.99905
3.705,0.99899
3.71,0.99904
3.715,0.99898
3.72,0.99902
3.725,0.99901
3.73,0.99902
3.735,0.99904
3.74,0.99904
3.745,0.99907
3.75,0.99903
3.755,0.99907
3.76,0.99901
3.765,0.99904
3.77,0.99901
3.775,0.99902
3.78,0.99899
3.785,0.99896
3.79,0.99897
3.795,0.99892
3.8,0.99896
3.805,0.99891
3.81,0.99896
3.815,0.99888
3.82,0.99892
3.825,0.99888
3.83,0.99892
3.835,0.99891
3.84,0.99893
3.845,0.99894
3.85,0.99892
3.855,0.99895
3.86,0.99893
3.865,0.99896
3.87,0.99893
3.875,0.99894
3.88,0.99894
3.885,0.99889
3.89,0.99892
3.895,0.99887
3.9,0.99889
3.905,0.99886
3.91,0.99889
3.915,0.99886
3.92,0.9989
3.925,0.99891
3.93,0.9989
3.935,0.99891
3.94,0.99891
3.945,0.99893
3.95,0.99893
3.955,0.99893
3.96,0.99892
3.965,0.99892
3.97,0.99892
3.975,0.99891
3.98,0.99892
3.985,0.9989
3.99,0.9989
3.995,0.9989
4,0.99894
4.005,0.99896
4.01,0.99897
4.015,0.99899
4.02,0.99897
4.025,0.99898
4.03,0.99896
4.035,0.99897
4.04,0.99897
4.045,0.99892
4.05,0.99894
4.055,0.99887
4.06,0.99889
4.065,0.99882
4.07,0.99888
4.075,0.99882
4.08,0.99887
4.085,0.99883
4.09,0.99888
4.095,0.99887
4.1,0.99888
4.105,0.9989
4.11,0.9989
4.115,0.99892
4.12,0.9989
4.125,0.99891
4.13,0.9989
4.135,0.99892
4.14,0.9989
4.145,0.9989
4.15,0.99888
4.155,0.99884
4.16,0.99888
4.165,0.99884
4.17,0.99888
4.175,0.99885
4.18,0.99886
4.185,0.99884
4.19,0.99886
4.195,0.99887
4.2,0.99887
4.205,0.9989
4.21,0.99888
4.215,0.99891
4.22,0.9989
4.225,0.99893
4.23,0.99889
4.235,0.99893
4.24,0.99891
4.245,0.99893
4.25,0.99894
4.255,0.99893
4.26,0.99894
4.265,0.99892
4.27,0.99895
4.275,0.99893
4.28,0.99895
4.285,0.99895
4.29,0.99896
4.295,0.99898
4.3,0.99897
4.305,0.99899
4.31,0.99897
4.315,0.999
4.32,0.99898
4.325,0.99899
4.33,0.99898
4.335,0.99897
4.34,0.99897
4.345,0.99897
4.35,0.99898
4.355,0.99897
4.36,0.99899
4.365,0.99898
4.37,0.99899
4.375,0.99902
4.38,0.99901
4.385,0.99904
4.39,0.99901
4.395,0.99904
4.4,0.99901
4.405,0.99902
4.41,0.99901
4.415,0.99899
4.42,0.999
4.425,0.99896
4.43,0.99897
4.435,0.99894
4.44,0.99896
4.445,0.99894
4.45,0.99897
4.455,0.99896
4.46,0.99898
4.465,0.999
4.47,0.999
4.475,0.99905
4.48,0.99904
4.485,0.99911
4.49,0.99907
4.495,0.99914
4.5,0.99909
4.505,0.99915
4.51,0.99909
4.515,0.99911
4.52,0.9991
4.525,0.99907
4.53,0.99906
4.535,0.99902
4.54,0.99905
4.545,0.999
4.55,0.99906
4.555,0.99901
4.56,0.99903
4.565,0.99899
4.57,0.99903
4.575,0.99901
4.58,0.99901
4.585,0.999
4.59,0.999
4.595,0.99899
4.6,0.99898
4.605,0.99897
4.61,0.99897
4.615,0.99895
4.62,0.99896
4.625,0.99893
4.63,0.99894
4.635,0.99894
4.64,0.99896
4.645,0.99896
4.65,0.99894
4.655,0.99895
4.66,0.99894
4.665,0.99897
4.67,0.99895
4.675,0.99897
4.68,0.99894
4.685,0.99892
4.69,0.99891
4.695,0.99889
4.7,0.99891
4.705,0.99891
4.71,0.99891
4.715,0.99888
4.72,0.99889
4.725,0.99886
4.73,0.99889
4.735,0.99889
4.74,0.99888
4.745,0.99889
4.75,0.99888
4.755,0.9989
4.76,0.9989
4.765,0.99893
4.77,0.99891
4.775,0.99894
4.78,0.99892
4.785,0.99892
4.79,0.99891
4.795,0.99889
4.8,0.99889
4.805,0.99886
4.81,0.99888
4.815,0.99882
4.82,0.99884
4.825,0.99879
4.83,0.99882
4.835,0.99881
4.84,0.99885
4.845,0.99886
4.85,0.99887
4.855,0.9989
4.86,0.99888
4.865,0.99892
4.87,0.99887
4.875,0.99889
4.88,0.99888
4.885,0.99886
4.89,0.99887
4.895,0.99882
4.9,0.99883
4.905,0.99878
4.91,0.99882
4.915,0.99879
4.92,0.99882
4.925,0.99882
4.93,0.99883
4.935,0.99885
4.94,0.99884
4.945,0.99886
4.95,0.99884
4.955,0.99887
4.96,0.99885
4.965,0.99884
4.97,0.99885
4.975,0.99881
4.98,0.99883
4.985,0.9988
4.99,0.99881
4.995,0.99878
5,0.99881
5.005,0.99878
5.01,0.99881
5.015,0.9988
5.02,0.99879
5.025,0.9988
5.03,0.9988
5.035,0.99881
5.04,0.99882
5.045,0.99882
5.05,0.99882
5.055,0.9988
5.06,0.9988
5.065,0.99878
5.07,0.99879
5.075,0.99878
5.08,0.99879
5.085,0.99876
5.09,0.99879
5.095,0.99878
5.1,0.99878
5.105,0.99881
5.11,0.99879
5.115,0.99882
5.12,0.99881
5.125,0.99885
5.13,0.99882
5.135,0.99886
5.14,0.99883
5.145,0.99883
5.15,0.99882
5.155,0.99881
5.16,0.99882
5.165,0.99878
5.17,0.99881
5.175,0.99876
5.18,0.9988
5.185,0.99879
5.19,0.99883
5.195,0.99885
5.2,0.99886
5.205,0.99891
5.21,0.99889
5.215,0.99896
5.22,0.99891
5.225,0.99899
5.23,0.99891
5.235,0.99897
5.24,0.99893
5.245,0.99895
5.25,0.99893
5.255,0.99891
5.26,0.99891
5.265,0.9989
5.27,0.99891
5.275,0.99891
5.28,0.99893
5.285,0.99891
5.29,0.99893
5.295,0.99892
5.3,0.99893
5.305,0.99893
5.31,0.99893
5.315,0.99892
5.32,0.99891
5.325,0.99887
5.33,0.99888
5.335,0.99884
5.34,0.99887
5.345,0.99881
5.35,0.99887
5.355,0.99883
5.36,0.99887
5.365,0.99886
5.37,0.99888
5.375,0.99891
5.38,0.99892
5.385,0.99899
5.39,0.99896
5.395,0.99903
5.4,0.99898
5.405,0.99903
5.41,0.99898
5.415,0.99899
5.42,0.99899
5.425,0.99896
5.43,0.99899
5.435,0.99891
5.44,0.99895
5.445,0.99886
5.45,0.99893
5.455,0.99888
5.46,0.99893
5.465,0.99893
5.47,0.99894
5.475,0.99898
5.48,0.99896
5.485,0.99904
5.49,0.99896
5.495,0.99904
5.5,0.99896
5.505,0.99901
5.51,0.99897
5.515,0.99899
5.52,0.99897
5.525,0.99894
5.53,0.99894
5.535,0.9989
5.54,0.99892
5.545,0.9989
5.55,0.99892
5.555,0.9989
5.56,0.99889
5.565,0.99888
5.57,0.99888
5.575,0.99889
5.58,0.99887
5.585,0.99889
5.59,0.99887
5.595,0.99885
5.6,0.99886
5.605,0.99879
5.61,0.99882
5.615,0.99875
5.62,0.99878
5.625,0.99875
5.63,0.99878
5.635,0.9988
5.64,0.9988
5.645,0.99885
5.65,0.99881
5.655,0.99886
5.66,0.99883
5.665,0.99888
5.67,0.99882
5.675,0.99886
5.68,0.99882
5.685,0.9988
5.69,0.9988
5.695,0.99873
5.7,0.99877
5.705,0.99867
5.71,0.99874
5.715,0.99864
5.72,0.99871
5.725,0.99861
5.73,0.9987
5.735,0.99863
5.74,0.99867
5.745,0.99867
5.75,0.9987
5.755,0.99875
5.76,0.99874
5.765,0.99881
5.77,0.99876
5.775,0.99882
5.78,0.99878
5.785,0.99881
5.79,0.99877
5.795,0.99876
5.8,0.99876
5.805,0.99873
5.81,0.99875
5.815,0.99871
5.82,0.99875
5.825,0.99873
5.83,0.99877
5.835,0.99875
5.84,0.99876
5.845,0.99875
5.85,0.99874
5.855,0.99875
5.86,0.99874
5.865,0.99874
5.87,0.99875
5.875,0.99872
5.88,0.99874
5.885,0.99869
5.89,0.99872
5.895,0.99869
5.9,0.99871
5.905,0.99871
5.91,0.99874
5.915,0.99875
5.92,0.99875
5.925,0.9988
5.93,0.99878
5.935,0.99882
5.94,0.99881
5.945,0.99884
5.95,0.99881
5.955,0.99881
5.96,0.99878
5.965,0.99874
5.97,0.99875
5.975,0.99869
5.98,0.99873
5.985,0.99865
5.99,0.99873
5.995,0.99867
6,0.99872
6.005,0.99872
6.01,0.99874
6.015,0.9988
6.02,0.99876
6.025,0.99888
6.03,0.99881
6.035,0.99892
6.04,0.99886
6.045,0.99892
6.05,0.99883
6.055,0.99884
6.06,0.99883
6.065,0.99878
6.07,0.99882
6.075,0.99874
6.08,0.99879
6.085,0.99871
6.09,0.99879
6.095,0.99875
6.1,0.99879
6.105,0.99879
6.11,0.99882
6.115,0.99885
6.12,0.99884
6.125,0.99887
6.13,0.99884
6.135,0.99886
6.14,0.99884
6.145,0.99884
6.15,0.99883
6.155,0.99883
6.16,0.99885
6.165,0.99885
6.17,0.99887
6.175,0.99889
6.18,0.9989
6.185,0.99893
6.19,0.99891
6.195,0.99895
6.2,0.99892
6.205,0.99897
6.21,0.99893
6.215,0.99899
6.22,0.99897
6.225,0.99901
6.23,0.99898
6.235,0.99897
6.24,0.99896
6.245,0.99893
6.25,0.99895
6.255,0.9989
6.26,0.99892
6.265,0.99887
6.27,0.99891
6.275,0.9989
6.28,0.99892
6.285,0.99895
6.29,0.99893
6.295,0.99899
6.3,0.99895
6.305,0.99903
6.31,0.99898
6.315,0.99903
6.32,0.99899
6.325,0.99901
6.33,0.999
6.335,0.99896
6.34,0.99897
6.345,0.9989
6.35,0.99896
6.355,0.9989
6.36,0.99895
6.365,0.99892
6.37,0.99896
6.375,0.99897
6.38,0.99898
6.385,0.99904
6.39,0.99899
6.395,0.99906
6.4,0.99901
6.405,0.99906
6.41,0.99899
6.415,0.99903
6.42,0.99899
6.425,0.99898
6.43,0.99898
6.435,0.99893
6.44,0.99895
6.445,0.9989
6.45,0.99892
6.455,0.99886
6.46,0.99889
6.465,0.99886
6.47,0.9989
6.475,0.99889
6.48,0.99889
6.485,0.99891
6.49,0.99888
6.495,0.9989
6.5,0.99888
6.505,0.99887
6.51,0.99887
6.515,0.99885
6.52,0.99884
6.525,0.99881
6.53,0.99883
6.535,0.99881
6.54,0.99884
6.545,0.99885
6.55,0.99885
6.555,0.99889
6.56,0.99886
6.565,0.9989
6.57,0.99887
6.575,0.9989
6.58,0.99886
6.585,0.99886
6.59,0.99883
6.595,0.9988
6.6,0.99881
6.605,0.99873
6.61,0.99879
6.615,0.99871
6.62,0.99876
6.625,0.99869
6.63,0.99874
6.635,0.99871
6.64,0.99873
6.645,0.99875
6.65,0.99875
6.655,0.99881
6.66,0.99879
6.665,0.99884
6.67,0.9988
6.675,0.99882
6.68,0.99879
6.685,0.9988
6.69,0.99878
6.695,0.99876
6.7,0.99878
6.705,0.99872
6.71,0.99876
6.715,0.99869
6.72,0.99873
6.725,0.99869
6.73,0.99875
6.735,0.99871
6.74,0.99874
6.745,0.99874
6.75,0.99875
6.755,0.99878
6.76,0.99876
6.765,0.99881
6.77,0.99877
6.775,0.99879
6.78,0.99877
6.785,0.99876
6.79,0.99877
6.795,0.99874
6.8,0.99877
6.805,0.99873
6.81,0.99876
6.815,0.99876
6.82,0.99877
6.825,0.99879
6.83,0.99879
6.835,0.99883
6.84,0.9988
6.845,0.99884
6.85,0.9988
6.855,0.99882
6.86,0.9988
6.865,0.99881
6.87,0.99878
6.875,0.99876
6.88,0.99877
6.885,0.99871
6.89,0.99877
6.895,0.99872
6.9,0.99875
6.905,0.99873
6.91,0.99877
6.915,0.99877
6.92,0.99878
6.925,0.99883
6.93,0.99879
6.935,0.99887
6.94,0.99882
6.945,0.99887
6.95,0.99882
6.955,0.99885
6.96,0.99883
6.965,0.99883
6.97,0.99881
6.975,0.99878
6.98,0.99881
6.985,0.99877
6.99,0.99881
6.995,0.99878
7,0.99879
7.005,0.99877
7.01,0.99881
7.015,0.99881
7.02,0.99883
7.025,0.99883
7.03,0.99883
7.035,0.99881
7.04,0.9988
7.045,0.99878
7.05,0.9988
7.055,0.99878
7.06,0.9988
7.065,0.99876
7.07,0.9988
7.075,0.99879
7.08,0.99881
7.085,0.99885
7.09,0.99884
7.095,0.9989
7.1,0.9989
7.105,0.99898
7.11,0.99894
7.115,0.99901
7.12,0.99896
7.125,0.999
7.13,0.99895
7.135,0.99898
7.14,0.99897
7.145,0.99895
7.15,0.99896
7.155,0.99889
7.16,0.99892
7.165,0.99886
7.17,0.99892
7.175,0.9989
7.18,0.99891
7.185,0.99891
7.19,0.99892
7.195,0.99895
7.2,0.99894
7.205,0.99903
7.21,0.99897
7.215,0.99904
7.22,0.99899
7.225,0.99907
7.23,0.99901
7.235,0.99906
7.24,0.99903
7.245,0.99901
7.25,0.999
7.255,0.99897
7.26,0.999
7.265,0.99897
7.27,0.99901
7.275,0.99896
7.28,0.99899
7.285,0.99899
7.29,0.99902
7.295,0.99904
7.3,0.99903
7.305,0.99907
7.31,0.99903
7.315,0.99906
7.32,0.99903
7.325,0.99904
7.33,0.99901
7.335,0.99899
7.34,0.999
7.345,0.99896
7.35,0.99898
7.355,0.99896
7.36,0.99896
7.365,0.99893
7.37,0.99894
7.375,0.99893
7.38,0.99892
7.385,0.99894
7.39,0.99892
7.395,0.99892
7.4,0.99891
7.405,0.99888
7.41,0.99887
7.415,0.99882
7.42,0.99884
7.425,0.99876
7.43,0.99882
7.435,0.99876
7.44,0.99879
7.445,0.99876
7.45,0.99879
7.455,0.99878
7.46,0.9988
7.465,0.99879
7.47,0.99881
7.475,0.99882
7.48,0.9988
7.485,0.99881
7.49,0.99879
7.495,0.99878
7.5,0.9988
7.505,0.99877
7.51,0.99879
7.515,0.99872
7.52,0.99874
7.525,0.99868
7.53,0.99874
7.535,0.99871
7.54,0.99874
7.545,0.99871
7.55,0.99874
7.555,0.99874
7.56,0.99874
7.565,0.99876
7.57,0.99874
7.575,0.99876
7.58,0.99874
7.585,0.99877
7.59,0.99876
7.595,0.99876
7.6,0.99876
7.605,0.99874
7.61,0.99875
7.615,0.99871
7.62,0.99873
7.625,0.99867
7.63,0.99872
7.635,0.99869
7.64,0.99872
7.645,0.99872
7.65,0.99873
7.655,0.99874
7.66,0.99875
7.665,0.99877
7.67,0.99875
7.675,0.99876
7.68,0.99876
7.685,0.99875
7.69,0.99875
7.695,0.99874
7.7,0.99876
7.705,0.99873
7.71,0.99876
7.715,0.99874
7.72,0.99875
7.725,0.99878
7.73,0.99877
7.735,0.99882
7.74,0.9988
7.745,0.99885
7.75,0.9988
7.755,0.99882
7.76,0.99879
7.765,0.99877
7.77,0.99877
7.775,0.99873
7.78,0.99876
7.785,0.9987
7.79,0.99875
7.795,0.9987
7.8,0.99874
7.805,0.99872
7.81,0.99876
7.815,0.99878
7.82,0.99877
7.825,0.99879
7.83,0.99877
7.835,0.99878
7.84,0.99877
7.845,0.99879
7.85,0.99876
7.855,0.99876
7.86,0.99876
7.865,0.99873
7.87,0.99877
7.875,0.99874
7.88,0.99876
7.885,0.99872
7.89,0.99874
7.895,0.99872
7.9,0.99876
7.905,0.99875
7.91,0.99879
7.915,0.99878
7.92,0.99879
7.925,0.9988
7.93,0.99879
7.935,0.99882
7.94,0.9988
7.945,0.99883
7.95,0.99881
7.955,0.99884
7.96,0.99883
7.965,0.99886
7.97,0.99884
7.975,0.99885
7.98,0.99885
7.985,0.99885
7.99,0.99885
7.995,0.99886
