t,UABreal,UFD,IFD,UAB
0,94.994,101.66,933.27,0.94994
0.005,94.995,101.7,933.02,0.94995
0.01,94.989,101.67,933.14,0.94989
0.015,94.991,101.89,933.09,0.94991
0.02,94.987,102.02,932.59,0.94987
0.025,94.988,101.93,930.89,0.94988
0.03,94.972,101.58,931.67,0.94972
0.035,94.972,101.46,929.14,0.94972
0.04,94.959,101.09,927.71,0.94959
0.045,94.962,101.15,926.91,0.94962
0.05,94.958,101.22,925.38,0.94958
0.055,94.96,101.54,926.63,0.9496
0.06,94.961,101.89,926.77,0.94961
0.065,94.963,102.08,927.11,0.94963
0.07,94.963,102.35,928.77,0.94963
0.075,94.964,102.31,926.65,0.94964
0.08,94.955,102.24,927.23,0.94955
0.085,94.956,102.47,927.41,0.94956
0.09,94.949,102.23,927.48,0.94949
0.095,94.951,102.14,928.32,0.94951
0.1,94.945,101.67,931.12,0.94945
0.105,94.946,101.68,930.68,0.94946
0.11,94.942,101.76,930.91,0.94942
0.115,94.943,101.97,930.63,0.94943
0.12,94.944,102.41,928.77,0.94944
0.125,94.946,102.52,929.14,0.94946
0.13,94.942,102.15,926.23,0.94942
0.135,94.944,102.37,925.88,0.94944
0.14,94.934,102.03,928.64,0.94934
0.145,94.936,101.9,930.89,0.94936
0.15,94.933,102,931.92,0.94933
0.155,94.935,102.07,933.6,0.94935
0.16,94.935,102.27,933.21,0.94935
0.165,94.938,102.39,933.18,0.94938
0.17,94.934,102.68,935.52,0.94934
0.175,94.937,102.59,937.38,0.94937
0.18,94.933,102.46,936.2,0.94933
0.185,94.934,102.78,936.35,0.94934
0.19,94.934,102.39,934.69,0.94934
0.195,94.935,102.42,933.79,0.94935
0.2,94.919,101.94,930.82,0.94919
0.205,94.92,101.57,928.34,0.9492
0.21,94.908,101.3,930.2,0.94908
0.215,94.909,101.47,929.84,0.94909
0.22,94.906,101.75,929.11,0.94906
0.225,94.908,102.24,930.81,0.94908
0.23,94.905,102.55,929.9,0.94905
0.235,94.908,102.6,928.58,0.94908
0.24,94.907,102.66,929.16,0.94907
0.245,94.908,102.48,927.51,0.94908
0.25,94.903,102.23,928.61,0.94903
0.255,94.904,102.29,927.65,0.94904
0.26,94.899,102.14,929.02,0.94899
0.265,94.901,102.02,930.58,0.94901
0.27,94.889,102.24,926.81,0.94889
0.275,94.892,102.33,926.4,0.94892
0.28,94.886,102.33,927.28,0.94886
0.285,94.888,102.61,926.38,0.94888
0.29,94.885,102.34,927.86,0.94885
0.295,94.887,102.26,930.45,0.94887
0.3,94.884,102.07,931.48,0.94884
0.305,94.885,102.11,932.56,0.94885
0.31,94.883,101.95,931.9,0.94883
0.315,94.884,102.21,931.03,0.94884
0.32,94.885,101.85,929.15,0.94885
0.325,94.886,101.86,929.75,0.94886
0.33,94.883,101.95,930.87,0.94883
0.335,94.887,101.89,932.98,0.94887
0.34,94.883,102.23,934.57,0.94883
0.345,94.886,102.33,934.44,0.94886
0.35,94.886,102.29,934.15,0.94886
0.355,94.887,102.25,933.12,0.94887
0.36,94.884,102.01,929.95,0.94884
0.365,94.886,102.03,928.64,0.94886
0.37,94.885,102.05,929.13,0.94885
0.375,94.887,102.12,927.97,0.94887
0.38,94.89,102.23,928.53,0.9489
0.385,94.892,102.42,928.85,0.94892
0.39,94.89,102.21,928.93,0.9489
0.395,94.891,102.33,928,0.94891
0.4,94.889,102.36,928.12,0.94889
0.405,94.891,102.29,926.69,0.94891
0.41,94.889,102.26,927.14,0.94889
0.415,94.892,102.27,926.43,0.94892
0.42,94.891,101.85,927.95,0.94891
0.425,94.893,101.93,928.03,0.94893
0.43,94.894,101.58,926.13,0.94894
0.435,94.896,101.71,926.21,0.94896
0.44,94.891,101.88,926.34,0.94891
0.445,94.893,101.9,927.5,0.94893
0.45,94.877,102.32,928.05,0.94877
0.455,94.879,102.34,930.18,0.94879
0.46,94.873,102.41,931.34,0.94873
0.465,94.876,102.78,930.42,0.94876
0.47,94.881,102.58,929.88,0.94881
0.475,94.883,102.62,931.15,0.94883
0.48,94.88,102.43,931.08,0.9488
0.485,94.882,102.33,933.23,0.94882
0.49,94.879,102.14,933.05,0.94879
0.495,94.882,102.1,932.87,0.94882
0.5,94.877,102.05,932.47,0.94877
0.505,94.88,101.99,932.15,0.9488
0.51,94.876,101.89,933.16,0.94876
0.515,94.878,102.16,933.79,0.94878
0.52,94.881,102.11,932.04,0.94881
0.525,94.883,102.26,931.83,0.94883
0.53,94.883,102.36,932.21,0.94883
0.535,94.884,102.34,930.15,0.94884
0.54,94.886,102.25,929.82,0.94886
0.545,94.889,102.17,928.27,0.94889
0.55,94.894,101.97,930.13,0.94894
0.555,94.896,102.03,928.76,0.94896
0.56,94.9,101.96,927.8,0.949
0.565,94.903,102.09,927.62,0.94903
0.57,94.903,102.13,925.52,0.94903
0.575,94.905,102.34,925.99,0.94905
0.58,94.9,102.56,925.46,0.949
0.585,94.902,102.62,925.64,0.94902
0.59,94.909,102.52,926.81,0.94909
0.595,94.912,102.7,927.12,0.94912
0.6,94.927,102.28,929.5,0.94927
0.605,94.93,102.39,929.68,0.9493
0.61,94.932,102.11,929,0.94932
0.615,94.934,101.91,929.81,0.94934
0.62,94.932,101.87,932.02,0.94932
0.625,94.934,101.88,933.35,0.94934
0.63,94.934,102.12,931.92,0.94934
0.635,94.937,102.21,933.17,0.94937
0.64,94.934,102.35,933.14,0.94934
0.645,94.936,102.42,933.99,0.94936
0.65,94.932,102.61,935.39,0.94932
0.655,94.934,102.81,935.25,0.94934
0.66,94.936,102.66,933.94,0.94936
0.665,94.939,102.7,933.61,0.94939
0.67,94.941,102.27,932.57,0.94941
0.675,94.944,102.04,931.11,0.94944
0.68,94.94,101.93,929.91,0.9494
0.685,94.943,101.96,929.11,0.94943
0.69,94.939,101.81,930.24,0.94939
0.695,94.942,102.12,931.63,0.94942
0.7,94.941,102.1,929.98,0.94941
0.705,94.943,102.26,929.68,0.94943
0.71,94.944,102.3,929.08,0.94944
0.715,94.946,102.25,926.8,0.94946
0.72,94.944,102.13,927.71,0.94944
0.725,94.948,102.09,926.64,0.94948
0.73,94.944,102.11,928.44,0.94944
0.735,94.947,102.3,928.73,0.94947
0.74,94.949,102.27,929.28,0.94949
0.745,94.952,102.25,929.95,0.94952
0.75,94.956,102.07,928.73,0.94956
0.755,94.959,102.26,929.06,0.94959
0.76,94.964,102.24,929.28,0.94964
0.765,94.966,102.47,928.87,0.94966
0.77,94.964,102.59,928.71,0.94964
0.775,94.966,102.4,929.12,0.94966
0.78,94.973,102.33,931.54,0.94973
0.785,94.976,102.39,932.35,0.94976
0.79,94.984,102.19,930.48,0.94984
0.795,94.987,102.37,930.54,0.94987
0.8,94.99,102.22,930.5,0.9499
0.805,94.994,102.06,931.47,0.94994
0.81,95.002,101.88,932.22,0.95002
0.815,95.005,101.91,933.81,0.95005
0.82,95.004,101.97,933.59,0.95004
0.825,95.007,102.15,933.65,0.95007
0.83,95.008,102.18,934.69,0.95008
0.835,95.011,102.3,935.03,0.95011
0.84,95.011,102.25,933.58,0.95011
0.845,95.014,102.62,934.06,0.95014
0.85,95.005,102.77,932.53,0.95005
0.855,95.008,102.77,932.15,0.95008
0.86,95.007,102.7,930.64,0.95007
0.865,95.01,102.57,929.4,0.9501
0.87,95.013,102.32,931.97,0.95013
0.875,95.016,102.41,930.86,0.95016
0.88,95.012,102.17,930.54,0.95012
0.885,95.015,102.13,929.33,0.95015
0.89,95.012,102.06,927.96,0.95012
0.895,95.015,101.99,925.88,0.95015
0.9,95.012,102.04,926.65,0.95012
0.905,95.015,102.18,926.61,0.95015
0.91,95.01,102.05,927.07,0.9501
0.915,95.013,102.15,927.25,0.95013
0.92,95.01,101.87,928.38,0.9501
0.925,95.013,101.93,928.32,0.95013
0.93,95.01,101.93,927.64,0.9501
0.935,95.012,102.08,927.81,0.95012
0.94,95.017,102.13,929.72,0.95017
0.945,95.02,102.12,931.44,0.9502
0.95,95.023,102.07,931.46,0.95023
0.955,95.025,102.13,932.79,0.95025
0.96,95.021,102.28,932.54,0.95021
0.965,95.023,102.38,933.34,0.95023
0.97,95.021,102.43,932.69,0.95021
0.975,95.024,102.45,934.52,0.95024
0.98,95.025,102.33,934.03,0.95025
0.985,95.029,102.44,934.21,0.95029
0.99,95.031,102.29,934.25,0.95031
0.995,95.033,102.33,934.67,0.95033
1,95.035,102.01,932.48,0.95035
1.005,95.038,102.06,931.79,0.95038
1.01,95.042,101.87,933.06,0.95042
1.015,95.045,101.72,929.86,0.95045
1.02,95.047,101.63,927.95,0.95047
1.025,95.05,101.62,926.78,0.9505
1.03,95.051,101.68,926.19,0.95051
1.035,95.054,101.93,927.07,0.95054
1.04,95.049,102.21,927.69,0.95049
1.045,95.06,180.24,932.29,0.9506
1.05,95.056,277.25,986.39,0.95056
1.055,95.077,354.09,1016.9,0.95077
1.06,95.145,450.84,1089.5,0.95145
1.065,95.178,447.78,1128.9,0.95178
1.07,95.352,446.27,1161.3,0.95352
1.075,95.391,439.89,1188.9,0.95391
1.08,95.653,436.24,1213.7,0.95653
1.085,95.72,426.1,1230.2,0.9572
1.09,95.981,420.67,1241.6,0.95981
1.095,96.046,407.93,1251,0.96046
1.1,96.302,401.64,1258.3,0.96302
1.105,96.363,387.8,1261.8,0.96363
1.11,96.611,381.83,1269.6,0.96611
1.115,96.688,368.97,1278.6,0.96688
1.12,96.91,361.87,1272.7,0.9691
1.125,96.973,350.97,1286.1,0.96973
1.13,97.197,341.79,1275.1,0.97197
1.135,97.254,333.58,1282,0.97254
1.14,97.463,322.69,1271.4,0.97463
1.145,97.514,316.39,1276.7,0.97514
1.15,97.723,304.67,1268.2,0.97723
1.155,97.771,298.83,1265.2,0.97771
1.16,97.94,287.42,1262,0.9794
1.165,97.985,281.93,1257.1,0.97985
1.17,98.155,270.58,1252.4,0.98155
1.175,98.196,265.51,1249.5,0.98196
1.18,98.357,254.95,1244.7,0.98357
1.185,98.396,250.26,1240.6,0.98396
1.19,98.508,241.27,1235.5,0.98508
1.195,98.541,236.93,1231.3,0.98541
1.2,98.662,228.72,1225,0.98662
1.205,98.692,224.94,1222.3,0.98692
1.21,98.838,217.18,1217.3,0.98838
1.215,98.869,213.75,1211.3,0.98869
1.22,98.966,206.69,1206.6,0.98966
1.225,98.994,203.73,1202.3,0.98994
1.23,99.033,197.64,1195.4,0.99033
1.235,99.055,194.93,1192.1,0.99055
1.24,99.123,189.34,1189.1,0.99123
1.245,99.143,186.52,1184.6,0.99143
1.25,99.245,180.99,1180.2,0.99245
1.255,99.266,178.74,1175.2,0.99266
1.26,99.368,174,1167.8,0.99368
1.265,99.389,171.89,1162.8,0.99389
1.27,99.466,167.56,1157.5,0.99466
1.275,99.486,165.72,1152.8,0.99486
1.28,99.542,162.21,1150.7,0.99542
1.285,99.559,160.93,1148.5,0.99559
1.29,99.583,158.13,1147.1,0.99583
1.295,99.596,156.8,1146.6,0.99596
1.3,99.597,154.17,1141.3,0.99597
1.305,99.609,152.87,1137.1,0.99609
1.31,99.623,150.25,1132,0.99623
1.315,99.633,148.97,1126.2,0.99633
1.32,99.639,145.69,1122.5,0.99639
1.325,99.648,144.36,1120.9,0.99648
1.33,99.67,141.71,1118.6,0.9967
1.335,99.68,140.54,1117.9,0.9968
1.34,99.723,138.66,1115.6,0.99723
1.345,99.734,137.83,1113.2,0.99734
1.35,99.778,135.74,1111.6,0.99778
1.355,99.789,135.09,1108.4,0.99789
1.36,99.836,133.49,1105.6,0.99836
1.365,99.846,132.92,1102.8,0.99846
1.37,99.876,131.9,1100.4,0.99876
1.375,99.885,131.48,1097.6,0.99885
1.38,99.909,130.18,1098,0.99909
1.385,99.919,129.82,1094.5,0.99919
1.39,99.953,128.37,1093.6,0.99953
1.395,99.961,127.86,1093,0.99961
1.4,99.989,126.88,1090.3,0.99989
1.405,99.996,126.39,1091.2,0.99996
1.41,99.996,125.41,1088.9,0.99996
1.415,100,125.12,1086.5,1
1.42,100,124.02,1083.2,1
1.425,100.01,123.64,1080.2,1.0001
1.43,100.02,122.91,1078.6,1.0002
1.435,100.02,122.49,1077.6,1.0002
1.44,100.03,122,1078.2,1.0003
1.445,100.03,121.94,1079,1.0003
1.45,100.03,121.29,1077.1,1.0003
1.455,100.03,121.17,1075.4,1.0003
1.46,100.03,120.33,1072.9,1.0003
1.465,100.03,119.92,1069,1.0003
1.47,100.03,119.25,1069.1,1.0003
1.475,100.04,119.12,1069.1,1.0004
1.48,100.03,118.91,1069.4,1.0003
1.485,100.04,119.02,1070.3,1.0004
1.49,100.03,118.67,1067.4,1.0003
1.495,100.03,118.77,1066.6,1.0003
1.5,100.02,118.42,1066.5,1.0002
1.505,100.03,118.51,1066.8,1.0003
1.51,100.02,118.35,1066,1.0002
1.515,100.03,118.27,1064.8,1.0003
1.52,100.02,117.92,1063,1.0002
1.525,100.02,117.66,1058.9,1.0002
1.53,100.01,117.39,1059,1.0001
1.535,100.02,117.48,1057.5,1.0002
1.54,100.01,117.33,1056.2,1.0001
1.545,100.02,117.47,1055.5,1.0002
1.55,100.01,117.28,1056.2,1.0001
1.555,100.01,117.2,1057,1.0001
1.56,100,116.88,1057.5,1
1.565,100,116.85,1059.7,1
1.57,100,116.63,1058,1
1.575,100,116.71,1057.8,1
1.58,99.998,116.49,1058.2,0.99998
1.585,100,116.45,1057.9,1
1.59,99.99,116.05,1056.1,0.9999
1.595,99.994,116.02,1055.1,0.99994
1.6,99.98,115.94,1053,0.9998
1.605,99.985,115.96,1050.2,0.99985
1.61,99.978,115.86,1050.9,0.99978
1.615,99.983,116.08,1050.7,0.99983
1.62,99.983,116.02,1051.4,0.99983
1.625,99.987,116.19,1050.7,0.99987
1.63,99.978,116.08,1051.2,0.99978
1.635,99.982,115.88,1050.8,0.99982
1.64,99.968,115.39,1050.3,0.99968
1.645,99.972,115.39,1050.7,0.99972
1.65,99.966,115.13,1050.5,0.99966
1.655,99.97,115.4,1050.2,0.9997
1.66,99.968,115.62,1049.3,0.99968
1.665,99.973,115.65,1051.6,0.99973
1.67,99.968,115.67,1050,0.99968
1.675,99.972,115.59,1050.5,0.99972
1.68,99.968,115.31,1051.8,0.99968
1.685,99.973,115.4,1051.3,0.99973
1.69,99.968,115.25,1050.1,0.99968
1.695,99.973,115.51,1049.8,0.99973
1.7,99.964,115.36,1047.8,0.99964
1.705,99.969,115.5,1046.4,0.99969
1.71,99.965,115.59,1046.1,0.99965
1.715,99.97,115.58,1045.1,0.9997
1.72,99.962,115.36,1043.9,0.99962
1.725,99.967,115.45,1042.2,0.99967
1.73,99.964,115.29,1043.8,0.99964
1.735,99.97,115.21,1043.1,0.9997
1.74,99.971,114.95,1043.1,0.99971
1.745,99.976,114.87,1043.4,0.99976
1.75,99.971,114.39,1043.3,0.99971
1.755,99.976,114.51,1043.8,0.99976
1.76,99.971,114.48,1044.9,0.99971
1.765,99.976,114.78,1044.8,0.99976
1.77,99.972,114.68,1043.4,0.99972
1.775,99.978,114.71,1043.6,0.99978
1.78,99.973,114.58,1044.4,0.99973
1.785,99.979,114.49,1046.6,0.99979
1.79,99.975,114.45,1045.7,0.99975
1.795,99.979,114.61,1045.7,0.99979
1.8,99.978,114.55,1044.3,0.99978
1.805,99.985,114.64,1042.9,0.99985
1.81,99.982,114.59,1043.2,0.99982
1.815,99.988,114.72,1042.5,0.99988
1.82,99.991,114.47,1042.2,0.99991
1.825,99.996,114.54,1040.1,0.99996
1.83,99.995,114.45,1041.4,0.99995
1.835,100,114.46,1039.8,1
1.84,100,114.41,1038.4,1
1.845,100,114.38,1038.7,1
1.85,100.01,114.06,1038.1,1.0001
1.855,100.01,114.24,1038.1,1.0001
1.86,100.01,114.04,1038.9,1.0001
1.865,100.02,114.14,1040.8,1.0002
1.87,100.02,113.99,1039.8,1.0002
1.875,100.02,113.82,1041.5,1.0002
1.88,100.02,113.65,1042.7,1.0002
1.885,100.03,113.78,1043.3,1.0003
1.89,100.02,113.83,1042.4,1.0002
1.895,100.03,114.04,1042.3,1.0003
1.9,100.03,114.12,1041.7,1.0003
1.905,100.03,114.22,1040.7,1.0003
1.91,100.03,114.1,1040.8,1.0003
1.915,100.04,114.21,1040.3,1.0004
1.92,100.04,114.14,1038.7,1.0004
1.925,100.04,114.24,1037,1.0004
1.93,100.04,114.12,1038,1.0004
1.935,100.05,114.18,1036.4,1.0005
1.94,100.05,114.09,1036,1.0005
1.945,100.05,114.02,1035.5,1.0005
1.95,100.05,113.95,1036.5,1.0005
1.955,100.06,114.08,1036.6,1.0006
1.96,100.07,113.68,1038,1.0007
1.965,100.07,113.94,1038.1,1.0007
1.97,100.07,113.74,1035.8,1.0007
1.975,100.08,113.6,1037.2,1.0008
1.98,100.08,113.52,1037.9,1.0008
1.985,100.09,113.52,1040.4,1.0009
1.99,100.1,113.28,1039.8,1.001
1.995,100.1,113.46,1040,1.001
2,100.1,113.38,1039.1,1.001
2.005,100.11,113.44,1037.8,1.0011
2.01,100.1,113.34,1038.2,1.001
2.015,100.11,113.52,1037.7,1.0011
2.02,100.1,113.59,1036.6,1.001
2.025,100.11,113.78,1035.6,1.0011
2.03,100.11,113.89,1036.4,1.0011
2.035,100.11,113.98,1034.9,1.0011
2.04,100.11,113.91,1034.5,1.0011
2.045,100.11,113.9,1033.1,1.0011
2.05,100.11,113.74,1034.3,1.0011
2.055,100.12,113.85,1033.9,1.0012
2.06,100.11,113.75,1033.6,1.0011
2.065,100.12,113.95,1033.9,1.0012
2.07,100.11,113.93,1033.4,1.0011
2.075,100.12,114.04,1034.7,1.0012
2.08,100.11,113.79,1035.4,1.0011
2.085,100.12,113.84,1037.4,1.0012
2.09,100.12,113.57,1035,1.0012
2.095,100.12,113.69,1035.4,1.0012
2.1,100.13,113.39,1035.9,1.0013
2.105,100.14,113.3,1035,1.0014
2.11,100.14,113.03,1035.5,1.0014
2.115,100.15,112.92,1034.3,1.0015
2.12,100.14,112.83,1032.8,1.0014
2.125,100.15,112.93,1031.3,1.0015
2.13,100.14,112.8,1032.8,1.0014
2.135,100.15,112.88,1031.7,1.0015
2.14,100.14,112.72,1031.5,1.0014
2.145,100.15,112.68,1031.7,1.0015
2.15,100.14,112.63,1031.8,1.0014
2.155,100.14,112.84,1032,1.0014
2.16,100.13,112.98,1032.1,1.0013
2.165,100.14,113.34,1031.7,1.0014
2.17,100.13,113.4,1031.3,1.0013
2.175,100.14,113.48,1032.5,1.0014
2.18,100.13,113.39,1033.8,1.0013
2.185,100.13,113.43,1036.4,1.0013
2.19,100.12,113.21,1035.9,1.0012
2.195,100.13,113.34,1036.4,1.0013
2.2,100.12,113.23,1037.3,1.0012
2.205,100.12,113.37,1037.4,1.0012
2.21,100.11,113.39,1035.8,1.0011
2.215,100.12,113.34,1034.9,1.0012
2.22,100.11,113.09,1034,1.0011
2.225,100.12,113.06,1031.1,1.0012
2.23,100.11,112.7,1033.3,1.0011
2.235,100.12,112.83,1031.9,1.0012
2.24,100.11,112.61,1030.1,1.0011
2.245,100.12,112.74,1029.4,1.0012
2.25,100.11,112.73,1029.5,1.0011
2.255,100.11,112.78,1029.9,1.0011
2.26,100.1,112.68,1030.4,1.001
2.265,100.11,112.72,1031.8,1.0011
2.27,100.09,112.52,1030.5,1.0009
2.275,100.1,112.47,1032.2,1.001
2.28,100.09,112.52,1033.2,1.0009
2.285,100.1,112.71,1034.6,1.001
2.29,100.09,112.74,1033.8,1.0009
2.295,100.09,113.07,1033.7,1.0009
2.3,100.08,112.94,1034.5,1.0008
2.305,100.08,113.04,1034.6,1.0008
2.31,100.07,113.03,1034.4,1.0007
2.315,100.08,113.15,1034.3,1.0008
2.32,100.07,113.03,1032.8,1.0007
2.325,100.07,113.11,1031,1.0007
2.33,100.06,112.85,1032.6,1.0006
2.335,100.06,112.9,1030.8,1.0006
2.34,100.05,112.82,1029.9,1.0005
2.345,100.05,112.91,1028.6,1.0005
2.35,100.04,112.85,1029,1.0004
2.355,100.05,113,1028.5,1.0005
2.36,100.04,112.92,1028.5,1.0004
2.365,100.04,112.97,1029.9,1.0004
2.37,100.03,112.89,1029.5,1.0003
2.375,100.04,112.89,1031.2,1.0004
2.38,100.03,112.73,1032.9,1.0003
2.385,100.03,112.89,1034.7,1.0003
2.39,100.02,112.73,1032.7,1.0002
2.395,100.03,112.88,1033.4,1.0003
2.4,100.01,112.86,1033.9,1.0001
2.405,100.02,112.88,1033.2,1.0002
2.41,100.01,112.73,1033,1.0001
2.415,100.01,112.78,1032.2,1.0001
2.42,100,112.38,1030,1
2.425,100.01,112.58,1028.7,1.0001
2.43,99.995,112.67,1028.8,0.99995
2.435,100,113.04,1029.2,1
2.44,100,113.37,1030.7,1
2.445,100,113.44,1029.5,1
2.45,99.999,113.19,1031.4,0.99999
2.455,100,113.15,1029.1,1
2.46,99.984,112.81,1027.7,0.99984
2.465,99.991,112.89,1028.7,0.99991
2.47,99.982,112.73,1027.8,0.99982
2.475,99.99,112.75,1029.4,0.9999
2.48,99.98,112.58,1031.4,0.9998
2.485,99.986,112.71,1033.6,0.99986
2.49,99.974,112.63,1032.1,0.99974
2.495,99.98,112.75,1033,0.9998
2.5,99.974,112.68,1032.6,0.99974
2.505,99.982,112.68,1031,0.99982
2.51,99.975,112.41,1031.4,0.99975
2.515,99.982,112.56,1031.1,0.99982
2.52,99.971,112.39,1028.4,0.99971
2.525,99.978,112.5,1026.8,0.99978
2.53,99.975,112.49,1028.9,0.99975
2.535,99.984,112.42,1026.6,0.99984
2.54,99.972,112.31,1026.6,0.99972
2.545,99.98,112.4,1026.6,0.9998
2.55,99.968,112.44,1026.3,0.99968
2.555,99.976,112.64,1026.9,0.99976
2.56,99.976,112.73,1026.9,0.99976
2.565,99.984,112.87,1029,0.99984
2.57,99.968,112.63,1028.4,0.99968
2.575,99.976,112.78,1029.6,0.99976
2.58,99.966,112.47,1032.2,0.99966
2.585,99.974,112.55,1033.2,0.99974
2.59,99.969,112.42,1031.4,0.99969
2.595,99.978,112.5,1032.1,0.99978
2.6,99.967,112.47,1031.7,0.99967
2.605,99.975,112.69,1031,0.99975
2.61,99.97,112.5,1031.6,0.9997
2.615,99.979,112.65,1031.2,0.99979
2.62,99.976,112.56,1029.2,0.99976
2.625,99.984,112.65,1027.3,0.99984
2.63,99.98,112.82,1028.1,0.9998
2.635,99.989,112.89,1026.1,0.99989
2.64,99.989,112.84,1026,0.99989
2.645,99.999,112.95,1025.3,0.99999
2.65,99.998,112.7,1025.3,0.99998
2.655,100,112.77,1026.1,1
2.66,100,112.3,1028.3,1
2.665,100.01,112.27,1031.6,1.0001
2.67,100.01,112.02,1031.5,1.0001
2.675,100.02,111.95,1033.1,1.0002
2.68,100.01,112.18,1033.2,1.0001
2.685,100.02,112.44,1033.3,1.0002
2.69,100.02,112.57,1031.4,1.0002
2.695,100.03,112.67,1030.6,1.0003
2.7,100.02,112.36,1030.5,1.0002
2.705,100.03,112.27,1027.5,1.0003
2.71,100.03,111.83,1029.8,1.0003
2.715,100.04,112.16,1029.8,1.0004
2.72,100.03,112.06,1027.3,1.0003
2.725,100.04,112.18,1026.8,1.0004
2.73,100.04,112.09,1026.1,1.0004
2.735,100.05,112.23,1024.3,1.0005
2.74,100.05,112.12,1024.4,1.0005
2.745,100.06,112.35,1025.1,1.0006
2.75,100.05,112.37,1025.1,1.0005
2.755,100.06,112.3,1026.8,1.0006
2.76,100.06,112.03,1029.1,1.0006
2.765,100.07,112.17,1031,1.0007
2.77,100.07,112.17,1029.7,1.0007
2.775,100.08,112.29,1030.5,1.0008
2.78,100.07,112.05,1030,1.0007
2.785,100.08,112.18,1030.7,1.0008
2.79,100.08,112.02,1030.1,1.0008
2.795,100.09,112.17,1029.6,1.0009
2.8,100.09,112.37,1027.3,1.0009
2.805,100.1,112.38,1024.6,1.001
2.81,100.09,111.98,1027.7,1.0009
2.815,100.1,112.06,1025.6,1.001
2.82,100.09,111.89,1025.4,1.0009
2.825,100.1,112,1024.7,1.001
2.83,100.09,112.11,1023.8,1.0009
2.835,100.1,112.25,1024.7,1.001
2.84,100.09,112.26,1025.9,1.0009
2.845,100.1,112.49,1026.9,1.001
2.85,100.1,112.48,1025.8,1.001
2.855,100.11,112.65,1026.7,1.0011
2.86,100.1,112.55,1028.1,1.001
2.865,100.11,112.65,1030.6,1.0011
2.87,100.11,112.59,1029.5,1.0011
2.875,100.12,112.74,1030.2,1.0012
2.88,100.11,112.65,1029.9,1.0011
2.885,100.12,112.61,1027.6,1.0012
2.89,100.12,112.49,1027.5,1.0012
2.895,100.13,112.59,1027.2,1.0013
2.9,100.12,112.22,1025.1,1.0012
2.905,100.13,112.41,1024.3,1.0013
2.91,100.12,112.08,1026,1.0012
2.915,100.13,111.91,1024.7,1.0013
2.92,100.12,111.85,1024.7,1.0012
2.925,100.12,111.93,1025.1,1.0012
2.93,100.11,111.71,1023.5,1.0011
2.935,100.12,112,1023.7,1.0012
2.94,100.1,111.88,1026.3,1.001
2.945,100.11,112.04,1028.6,1.0011
2.95,100.1,111.91,1028.1,1.001
2.955,100.11,112.02,1029.3,1.0011
2.96,100.09,111.97,1028.8,1.0009
2.965,100.1,112.05,1028.5,1.001
2.97,100.1,111.82,1028.3,1.001
2.975,100.11,111.92,1027.6,1.0011
2.98,100.1,111.79,1025.9,1.001
2.985,100.1,111.93,1023.9,1.001
2.99,100.08,112.16,1026.1,1.0008
2.995,100.09,112.24,1024.3,1.0009
3,100.08,112.09,1023.7,1.0008
3.005,100.09,112.18,1022.8,1.0009
3.01,100.08,111.99,1022.7,1.0008
3.015,100.09,111.98,1024.1,1.0009
3.02,100.07,111.91,1024.8,1.0007
3.025,100.08,111.99,1027.2,1.0008
3.03,100.07,111.85,1026,1.0007
3.035,100.08,112.2,1026,1.0008
3.04,100.06,112.16,1027.5,1.0006
3.045,100.07,112.37,1028.5,1.0007
3.05,100.06,112.47,1027.7,1.0006
3.055,100.07,112.64,1028.6,1.0007
3.06,100.05,112.54,1027.6,1.0005
3.065,100.06,112.67,1026.9,1.0006
3.07,100.04,112.57,1027.3,1.0004
3.075,100.05,112.62,1026.4,1.0005
3.08,100.03,112.58,1025.6,1.0003
3.085,100.04,112.53,1023,1.0004
3.09,100.02,112.19,1025.9,1.0002
3.095,100.03,112.15,1024.9,1.0003
3.1,100.01,111.93,1024.3,1.0001
3.105,100.02,112.24,1024.4,1.0002
3.11,100.01,112.14,1021.6,1.0001
3.115,100.01,112.29,1022.8,1.0001
3.12,100,112.17,1024.1,1
3.125,100.01,112.29,1026.4,1.0001
3.13,100,112.18,1025.2,1
3.135,100.01,112.24,1025.7,1.0001
3.14,99.996,112.05,1026.4,0.99996
3.145,100,111.99,1025.6,1
3.15,99.989,111.74,1027.4,0.99989
3.155,99.998,111.85,1025.9,0.99998
3.16,99.976,111.62,1023.8,0.99976
3.165,99.986,111.75,1022.2,0.99986
3.17,99.966,111.57,1023.6,0.99966
3.175,99.976,111.68,1022.9,0.99976
3.18,99.959,111.45,1024,0.99959
3.185,99.969,111.59,1023.8,0.99969
3.19,99.953,111.47,1022.1,0.99953
3.195,99.963,111.63,1023.3,0.99963
3.2,99.95,111.68,1024.3,0.9995
3.205,99.96,111.79,1027.3,0.9996
3.21,99.947,111.69,1026.1,0.99947
3.215,99.958,111.8,1027,0.99958
3.22,99.945,111.62,1026.9,0.99945
3.225,99.955,111.72,1026.1,0.99955
3.23,99.942,111.76,1026.4,0.99942
3.235,99.953,111.98,1026,0.99953
3.24,99.944,112.18,1025.3,0.99944
3.245,99.955,112.39,1024.3,0.99955
3.25,99.943,112.35,1025.6,0.99943
3.255,99.953,112.45,1023.6,0.99953
3.26,99.94,112.18,1022.3,0.9994
3.265,99.951,112.31,1021,0.99951
3.27,99.94,112.25,1021.8,0.9994
3.275,99.952,112.48,1021.8,0.99952
3.28,99.937,112.38,1022.6,0.99937
3.285,99.949,112.57,1023.3,0.99949
3.29,99.938,112.33,1021.7,0.99938
3.295,99.951,112.37,1023.7,0.99951
3.3,99.936,112.41,1025.2,0.99936
3.305,99.95,112.46,1028,0.9995
3.31,99.935,112.14,1027.5,0.99935
3.315,99.948,112.16,1027.5,0.99948
3.32,99.945,111.61,1024.9,0.99945
3.325,99.958,111.77,1023.7,0.99958
3.33,99.95,111.8,1026.1,0.9995
3.335,99.963,111.88,1023.9,0.99963
3.34,99.953,112.08,1022.8,0.99953
3.345,99.964,112.04,1020.6,0.99964
3.35,99.957,112.07,1020.6,0.99957
3.355,99.969,112.42,1020.7,0.99969
3.36,99.964,112.41,1022.1,0.99964
3.365,99.979,112.71,1022.4,0.99979
3.37,99.977,112.39,1021.2,0.99977
3.375,99.991,112.45,1023,0.99991
3.38,99.986,111.89,1025.1,0.99986
3.385,100,111.88,1028.1,1
3.39,99.991,111.76,1026.7,0.99991
3.395,100,111.86,1027.6,1
3.4,99.994,112.03,1026.8,0.99994
3.405,100,112.14,1024.9,1
3.41,99.996,112.12,1026.1,0.99996
3.415,100,112.12,1023.8,1
3.42,100,111.87,1021.9,1
3.425,100.01,111.98,1020.3,1.0001
3.43,100.01,111.59,1021,1.0001
3.435,100.02,111.92,1020.7,1.0002
3.44,100.01,112.08,1020.8,1.0001
3.445,100.02,112.29,1021.7,1.0002
3.45,100.02,112.32,1019.8,1.0002
3.455,100.03,112.23,1021.8,1.0003
3.46,100.03,111.76,1024.6,1.0003
3.465,100.05,111.88,1027.1,1.0005
3.47,100.05,111.84,1026.8,1.0005
3.475,100.06,112.05,1027.3,1.0006
3.48,100.05,112.1,1026.3,1.0005
3.485,100.07,112.12,1024.4,1.0007
3.49,100.06,111.9,1025.4,1.0006
3.495,100.07,112.14,1025.4,1.0007
3.5,100.06,112.01,1023.6,1.0006
3.505,100.08,112.04,1022.2,1.0008
3.51,100.06,111.66,1023,1.0006
3.515,100.08,111.66,1020.2,1.0008
3.52,100.07,111.61,1020.1,1.0007
3.525,100.08,111.92,1020.6,1.0008
3.53,100.07,111.8,1018.8,1.0007
3.535,100.08,111.77,1021.2,1.0008
3.54,100.08,111.59,1023.4,1.0008
3.545,100.09,111.82,1025.2,1.0009
3.55,100.07,112.12,1024.9,1.0007
3.555,100.09,112.4,1025.2,1.0009
3.56,100.08,112.06,1025.1,1.0008
3.565,100.09,111.91,1023.6,1.0009
3.57,100.09,111.72,1024.4,1.0009
3.575,100.1,111.76,1022.2,1.001
3.58,100.1,111.67,1020.1,1.001
3.585,100.11,111.89,1019.3,1.0011
3.59,100.09,111.41,1020.8,1.0009
3.595,100.1,111.43,1021.1,1.001
3.6,100.09,111.46,1021.8,1.0009
3.605,100.1,111.58,1022.8,1.001
3.61,100.08,111.65,1021.7,1.0008
3.615,100.09,112.05,1021.6,1.0009
3.62,100.08,112.02,1024,1.0008
3.625,100.09,112.38,1024.5,1.0009
3.63,100.08,112.48,1023.5,1.0008
3.635,100.09,112.45,1025.5,1.0009
3.64,100.07,112.38,1025.2,1.0007
3.645,100.08,112.49,1027,1.0008
3.65,100.07,112.42,1027.6,1.0007
3.655,100.08,112.54,1025.7,1.0008
3.66,100.07,112.23,1022.6,1.0007
3.665,100.08,112.19,1019.4,1.0008
3.67,100.07,111.87,1021.4,1.0007
3.675,100.08,112.22,1021.1,1.0008
3.68,100.06,112.15,1021.4,1.0006
3.685,100.07,112.37,1021.2,1.0007
3.69,100.06,112.6,1021.3,1.0006
3.695,100.07,112.57,1022.1,1.0007
3.7,100.05,112.45,1024.6,1.0005
3.705,100.06,112.49,1028,1.0006
3.71,100.05,112.12,1025.4,1.0005
3.715,100.05,112.24,1026.7,1.0005
3.72,100.03,112.1,1026.3,1.0003
3.725,100.04,112.15,1024.4,1.0004
3.73,100.02,111.98,1025.4,1.0002
3.735,100.03,112.12,1024.1,1.0003
3.74,100.01,112.04,1023.8,1.0001
3.745,100.02,112.27,1022.7,1.0002
3.75,100,112,1024.4,1
3.755,100.01,112.02,1023.1,1.0001
3.76,99.994,111.74,1021.3,0.99994
3.765,100,111.65,1023.8,1
3.77,99.989,111.69,1022.6,0.99989
3.775,100,111.91,1024,1
3.78,99.987,111.83,1024.3,0.99987
3.785,99.999,111.95,1023.5,0.99999
3.79,99.975,111.56,1022.6,0.99975
3.795,99.987,111.5,1023,0.99987
3.8,99.962,111.44,1024.2,0.99962
3.805,99.975,111.87,1024.7,0.99975
3.81,99.97,111.93,1026.7,0.9997
3.815,99.983,112.26,1025.8,0.99983
3.82,99.967,112.31,1024.5,0.99967
3.825,99.981,112.41,1022.4,0.99981
3.83,99.953,112.4,1022.6,0.99953
3.835,99.966,112.64,1021.9,0.99966
3.84,99.947,112.31,1021.5,0.99947
3.845,99.961,112.27,1023,0.99961
3.85,99.94,112.01,1019.5,0.9994
3.855,99.956,111.84,1021.7,0.99956
3.86,99.935,111.88,1023.5,0.99935
3.865,99.949,112.23,1024.4,0.99949
3.87,99.93,111.97,1025.3,0.9993
3.875,99.945,112.1,1024.5,0.99945
3.88,99.925,111.6,1022.5,0.99925
3.885,99.942,111.53,1020.7,0.99942
3.89,99.929,111.68,1022.3,0.99929
3.895,99.945,111.92,1020.8,0.99945
3.9,99.929,111.84,1020.9,0.99929
3.905,99.946,112.12,1020.2,0.99946
3.91,99.935,111.99,1021.6,0.99935
3.915,99.952,112,1022.8,0.99952
3.92,99.932,111.87,1024,0.99932
3.925,99.948,111.88,1025.7,0.99948
3.93,99.922,111.46,1021.8,0.99922
3.935,99.941,111.61,1023.1,0.99941
3.94,99.923,111.52,1024.6,0.99923
3.945,99.94,111.61,1025.3,0.9994
3.95,99.922,111.55,1026.1,0.99922
3.955,99.939,111.74,1025.2,0.99939
3.96,99.93,111.52,1022,0.9993
3.965,99.947,111.63,1019.5,0.99947
3.97,99.933,111.63,1022,0.99933
3.975,99.95,111.87,1021,0.9995
3.98,99.939,111.94,1021.5,0.99939
3.985,99.958,112.22,1021.2,0.99958
3.99,99.951,112.05,1020.3,0.99951
3.995,99.97,112.06,1020.8,0.9997
4,99.962,111.79,1022.4,0.99962
4.005,99.979,111.92,1024.3,0.99979
4.01,99.97,111.77,1022.3,0.9997
4.015,99.988,112.03,1023.2,0.99988
4.02,99.974,112.09,1024.3,0.99974
4.025,99.991,112.06,1024.3,0.99991
4.03,99.977,111.84,1025.2,0.99977
4.035,99.995,111.84,1024.2,0.99995
4.04,99.982,111.66,1020.3,0.99982
4.045,99.999,111.93,1019.4,0.99999
4.05,99.985,111.89,1021.5,0.99985
4.055,100,112.14,1020.3,1
4.06,99.994,111.95,1021.1,0.99994
4.065,100.01,112.08,1020.3,1.0001
4.07,100,112.06,1019.2,1
4.075,100.01,112.2,1020.5,1.0001
4.08,100.01,112.17,1022.3,1.0001
4.085,100.03,112.34,1025.1,1.0003
4.09,100.02,112.23,1023.4,1.0002
4.095,100.04,112.37,1024.7,1.0004
4.1,100.03,112.22,1025.4,1.0003
4.105,100.05,112.32,1025.1,1.0005
4.11,100.04,112.12,1025.6,1.0004
4.115,100.06,112.21,1024.7,1.0006
4.12,100.05,112.16,1022,1.0005
4.125,100.06,112.41,1020.6,1.0006
4.13,100.05,112.27,1022.7,1.0005
4.135,100.06,112.23,1022.2,1.0006
4.14,100.05,112.02,1022.5,1.0005
4.145,100.07,112.08,1022,1.0007
4.15,100.05,111.9,1019.6,1.0005
4.155,100.07,112.16,1020.5,1.0007
4.16,100.06,111.86,1023.3,1.0006
4.165,100.08,111.9,1026,1.0008
4.17,100.08,111.85,1026.3,1.0008
4.175,100.09,111.93,1026.6,1.0009
4.18,100.09,111.76,1024.1,1.0009
4.185,100.1,111.93,1021.9,1.001
4.19,100.09,111.63,1023.1,1.0009
4.195,100.1,111.76,1020.6,1.001
4.2,100.09,111.76,1019.3,1.0009
4.205,100.1,112.01,1018.4,1.001
4.21,100.08,112.03,1019.5,1.0008
4.215,100.09,112.2,1020.8,1.0009
4.22,100.07,111.92,1023,1.0007
4.225,100.08,111.94,1025.4,1.0008
4.23,100.06,111.64,1022.6,1.0006
4.235,100.08,111.76,1023.8,1.0008
4.24,100.06,111.73,1025,1.0006
4.245,100.07,111.83,1024.7,1.0007
4.25,100.06,111.78,1024.8,1.0006
4.255,100.07,111.99,1024.6,1.0007
4.26,100.06,111.83,1023,1.0006
4.265,100.07,111.99,1021,1.0007
4.27,100.06,111.94,1022.5,1.0006
4.275,100.07,112.15,1020.6,1.0007
4.28,100.05,112.05,1019.6,1.0005
4.285,100.06,112.16,1019.8,1.0006
4.29,100.05,111.9,1019.1,1.0005
4.295,100.06,111.92,1020.2,1.0006
4.3,100.04,111.64,1023,1.0004
4.305,100.05,111.88,1025.2,1.0005
4.31,100.03,111.72,1024,1.0003
4.315,100.04,111.82,1025,1.0004
4.32,100.02,111.74,1023.5,1.0002
4.325,100.03,111.78,1022.5,1.0003
4.33,100,111.65,1023.6,1
4.335,100.02,111.75,1021.6,1.0002
4.34,99.999,111.68,1019.8,0.99999
4.345,100.01,111.83,1018,1.0001
4.35,99.99,111.76,1019,0.9999
4.355,100,111.98,1018.6,1
4.36,99.983,111.78,1020,0.99983
4.365,99.996,111.85,1022.3,0.99996
4.37,99.974,111.68,1020.7,0.99974
4.375,99.987,111.75,1022.8,0.99987
4.38,99.961,111.69,1024.9,0.99961
4.385,99.978,111.89,1025.7,0.99978
4.39,99.959,111.89,1025.3,0.99959
4.395,99.975,112.1,1025.7,0.99975
4.4,99.954,111.93,1023.7,0.99954
4.405,99.97,112.02,1020.9,0.9997
4.41,99.938,111.76,1021.7,0.99938
4.415,99.956,111.94,1019.4,0.99956
4.42,99.931,111.92,1018.4,0.99931
4.425,99.949,112.24,1018,0.99949
4.43,99.928,111.99,1017,0.99928
4.435,99.951,111.9,1018.8,0.99951
4.44,99.923,111.72,1021.8,0.99923
4.445,99.942,111.87,1023.4,0.99942
4.45,99.913,111.68,1023.1,0.99913
4.455,99.933,111.86,1023.6,0.99933
4.46,99.912,111.89,1023.6,0.99912
4.465,99.933,111.78,1023,0.99933
4.47,99.912,111.75,1023.6,0.99912
4.475,99.931,112.04,1022.8,0.99931
4.48,99.909,111.62,1020.6,0.99909
4.485,99.935,112.02,1020.4,0.99935
4.49,99.92,112.23,1023.4,0.9992
4.495,99.942,112.17,1023,0.99942
4.5,99.909,112.09,1023.7,0.99909
4.505,99.928,112.08,1024.7,0.99928
4.51,99.896,111.56,1022.3,0.99896
4.515,99.92,111.8,1022.9,0.9992
4.52,99.9,111.41,1023.5,0.999
4.525,99.927,111.51,1024.8,0.99927
4.53,99.905,111.64,1024.5,0.99905
4.535,99.926,111.77,1024.7,0.99926
4.54,99.909,111.93,1022.6,0.99909
4.545,99.93,112.25,1021.5,0.9993
4.55,99.912,111.95,1023.6,0.99912
4.555,99.94,112.09,1021.3,0.9994
4.56,99.928,111.79,1021.4,0.99928
4.565,99.957,111.69,1020.3,0.99957
4.57,99.946,111.48,1018.9,0.99946
4.575,99.969,111.63,1020.6,0.99969
4.58,99.954,111.67,1021.1,0.99954
4.585,99.976,112.08,1021.5,0.99976
4.59,99.964,112.17,1020,0.99964
4.595,99.984,112.31,1021.5,0.99984
4.6,99.967,111.95,1022.5,0.99967
4.605,99.988,111.85,1021.6,0.99988
4.61,99.968,111.36,1023.7,0.99968
4.615,99.992,111.48,1021.7,0.99992
4.62,99.978,111.4,1020,0.99978
4.625,100,111.75,1019.6,1
4.63,99.983,111.9,1020.5,0.99983
4.635,100,112.02,1020.1,1
4.64,99.995,111.9,1021,0.99995
4.645,100.01,111.95,1023.2,1.0001
4.65,100.01,111.68,1020.8,1.0001
4.655,100.03,111.83,1022.2,1.0003
4.66,100.02,111.68,1023.9,1.0002
4.665,100.04,111.8,1024.3,1.0004
4.67,100.03,111.68,1024.3,1.0003
4.675,100.05,111.84,1024.3,1.0005
4.68,100.04,111.64,1021.5,1.0004
4.685,100.05,111.94,1019.8,1.0005
4.69,100.04,111.92,1021.2,1.0004
4.695,100.06,112.14,1019.8,1.0006
4.7,100.04,111.98,1019.7,1.0004
4.705,100.06,112.11,1019.8,1.0006
4.71,100.04,111.94,1018.2,1.0004
4.715,100.06,112.05,1020.6,1.0006
4.72,100.06,111.66,1022.4,1.0006
4.725,100.07,111.95,1026,1.0007
4.73,100.07,111.68,1024.4,1.0007
4.735,100.08,111.91,1025.2,1.0008
4.74,100.07,111.95,1022.2,1.0007
4.745,100.08,112.02,1021.9,1.0008
4.75,100.08,111.73,1025,1.0008
4.755,100.09,111.7,1021.7,1.0009
4.76,100.08,111.11,1020.2,1.0008
4.765,100.09,111.29,1018.7,1.0009
4.77,100.07,111.13,1017.5,1.0007
4.775,100.08,111.48,1019.1,1.0008
4.78,100.06,111.58,1020.1,1.0006
4.785,100.07,111.8,1021.6,1.0007
4.79,100.05,111.4,1021.2,1.0005
4.795,100.06,111.52,1021.3,1.0006
4.8,100.05,111.3,1022.4,1.0005
4.805,100.06,111.49,1023.6,1.0006
4.81,100.04,111.59,1024.7,1.0004
4.815,100.06,111.88,1023.2,1.0006
4.82,100.05,111.92,1022.1,1.0005
4.825,100.06,111.93,1018.8,1.0006
4.83,100.04,111.91,1020.6,1.0004
4.835,100.06,111.91,1020.1,1.0006
4.84,100.04,111.7,1022.7,1.0004
4.845,100.05,111.77,1023.9,1.0005
4.85,100.03,111.48,1022.9,1.0003
4.855,100.04,111.77,1023.7,1.0004
4.86,100.02,111.63,1026.4,1.0002
4.865,100.03,111.87,1025.5,1.0003
4.87,100,111.68,1030.4,1
4.875,100.01,111.45,1023.8,1.0001
4.88,99.993,111.36,1021.6,0.99993
4.885,100,111.32,1017.9,1
4.89,99.982,111.33,1019.1,0.99982
4.895,99.999,111.47,1018,0.99999
4.9,99.976,111.6,1021.4,0.99976
4.905,99.99,111.62,1018.3,0.9999
4.91,99.968,111.54,1018.5,0.99968
4.915,99.981,111.62,1018.2,0.99981
4.92,99.96,111.71,1023.2,0.9996
4.925,99.975,111.52,1020.7,0.99975
4.93,99.949,111.63,1021.5,0.99949
4.935,99.969,111.67,1021.8,0.99969
4.94,99.933,111.68,1022.8,0.99933
4.945,99.954,111.9,1021,0.99954
4.95,99.923,111.96,1022.3,0.99923
4.955,99.949,111.9,1020.7,0.99949
4.96,99.914,111.78,1016.9,0.99914
4.965,99.942,111.65,1018.4,0.99942
4.97,99.908,111.67,1016.9,0.99908
4.975,99.933,111.6,1019.2,0.99933
4.98,99.903,111.61,1022.8,0.99903
4.985,99.926,111.6,1024.9,0.99926
4.99,99.898,111.57,1024.9,0.99898
4.995,99.92,111.53,1023.5,0.9992
5,99.896,111.46,1022.9,0.99896
5.005,99.92,111.48,1020.1,0.9992
5.01,99.896,111.62,1021.3,0.99896
5.015,99.92,111.73,1019.6,0.9992
5.02,99.894,111.83,1017,0.99894
5.025,99.921,111.8,1017,0.99921
5.03,99.89,111.7,1016.6,0.9989
5.035,99.922,111.62,1018.9,0.99922
5.04,99.888,111.67,1020.4,0.99888
5.045,99.92,111.77,1021.2,0.9992
5.05,99.89,111.86,1020.3,0.9989
5.055,99.92,111.93,1020.1,0.9992
5.06,99.892,112.02,1023.6,0.99892
5.065,99.922,111.89,1022.9,0.99922
5.07,99.891,111.94,1024.2,0.99891
5.075,99.919,111.98,1023.3,0.99919
5.08,99.897,111.92,1019.6,0.99897
5.085,99.925,112,1019.7,0.99925
5.09,99.907,112.06,1020.5,0.99907
5.095,99.933,112.07,1019.3,0.99933
5.1,99.918,112.13,1018.6,0.99918
5.105,99.947,112.1,1019,0.99947
5.11,99.93,112.11,1017.8,0.9993
5.115,99.961,112.05,1018.6,0.99961
5.12,99.939,112.1,1023.4,0.99939
5.125,99.969,111.97,1023.6,0.99969
5.13,99.947,111.99,1025,0.99947
5.135,99.975,111.99,1024,0.99975
5.14,99.951,112.04,1021.7,0.99951
5.145,99.978,112.09,1020.1,0.99978
5.15,99.954,112.17,1021.8,0.99954
5.155,99.981,112.08,1020.6,0.99981
5.16,99.966,112.16,1019.4,0.99966
5.165,99.992,112.03,1018.9,0.99992
5.17,99.977,112.07,1017.6,0.99977
5.175,100,112.05,1018.3,1
5.18,99.996,112.07,1023.9,0.99996
5.185,100.02,111.93,1024.2,1.0002
5.19,100.01,112.05,1025.3,1.0001
5.195,100.03,111.84,1024.1,1.0003
5.2,100.02,111.94,1022.5,1.0002
5.205,100.04,111.91,1020.5,1.0004
5.21,100.02,112.03,1024.6,1.0002
5.215,100.04,111.9,1021.9,1.0004
5.22,100.03,111.99,1021,1.0003
5.225,100.05,111.77,1019.5,1.0005
5.23,100.03,111.95,1019,1.0003
5.235,100.05,111.65,1018.3,1.0005
5.24,100.04,111.82,1024.7,1.0004
5.245,100.06,111.46,1024.2,1.0006
5.25,100.05,111.45,1025.1,1.0005
5.255,100.07,111.37,1024,1.0007
5.26,100.06,111.58,1023,1.0006
5.265,100.07,111.4,1019.4,1.0007
5.27,100.06,111.53,1019.6,1.0006
5.275,100.08,111.25,1019.1,1.0008
5.28,100.06,111.39,1017,1.0006
5.285,100.07,111.25,1017.6,1.0007
5.29,100.05,111.41,1015.9,1.0005
5.295,100.07,111.24,1018.1,1.0007
5.3,100.04,111.39,1021.2,1.0004
5.305,100.06,111.45,1021.7,1.0006
5.31,100.04,111.64,1022.9,1.0004
5.315,100.05,111.68,1021.1,1.0005
5.32,100.03,112.14,1021.6,1.0003
5.325,100.05,112.27,1023.5,1.0005
5.33,100.03,112.48,1024.6,1.0003
5.335,100.05,112.7,1024.8,1.0005
5.34,100.04,112.64,1021.8,1.0004
5.345,100.05,111.91,1019.3,1.0005
5.35,100.03,112.05,1017.5,1.0003
5.355,100.04,111.41,1018.6,1.0004
5.36,100.01,111.59,1019.8,1.0001
5.365,100.03,111.61,1021.9,1.0003
5.37,100.01,111.87,1022.3,1.0001
5.375,100.03,111.78,1021.7,1.0003
5.38,100,111.95,1023.6,1
5.385,100.01,111.65,1022.1,1.0001
5.39,99.985,111.78,1023.5,0.99985
5.395,100,111.61,1021.1,1
5.4,99.974,111.76,1018.2,0.99974
5.405,99.993,111.74,1017,0.99993
5.41,99.964,111.89,1015.6,0.99964
5.415,99.981,111.75,1018.2,0.99981
5.42,99.955,111.93,1019,0.99955
5.425,99.971,111.68,1022.2,0.99971
5.43,99.947,111.83,1022.3,0.99947
5.435,99.966,111.59,1022.1,0.99966
5.44,99.934,111.75,1024.5,0.99934
5.445,99.959,111.68,1023,0.99959
5.45,99.923,111.86,1024.3,0.99923
5.455,99.949,111.99,1023.8,0.99949
5.46,99.911,112.17,1021,0.99911
5.465,99.935,112.42,1019.8,0.99935
5.47,99.897,112.57,1018.8,0.99897
5.475,99.928,112.18,1019,0.99928
5.48,99.891,112.33,1019.3,0.99891
5.485,99.92,112.04,1020.6,0.9992
5.49,99.885,112.2,1020.4,0.99885
5.495,99.91,112.27,1021.3,0.9991
5.5,99.883,112.46,1024.1,0.99883
5.505,99.911,112.29,1025.2,0.99911
5.51,99.886,112.56,1026.5,0.99886
5.515,99.913,112.46,1025,0.99913
5.52,99.884,112.65,1022.4,0.99884
5.525,99.918,112.04,1019.4,0.99918
5.53,99.884,112.12,1018.6,0.99884
5.535,99.919,111.55,1019.5,0.99919
5.54,99.883,111.72,1018.8,0.99883
5.545,99.909,112.11,1018.8,0.99909
5.55,99.874,112.28,1018.7,0.99874
5.555,99.906,112.58,1018.3,0.99906
5.56,99.871,112.77,1021.7,0.99871
5.565,99.912,112.36,1023.5,0.99912
5.57,99.879,112.55,1024.6,0.99879
5.575,99.91,112.38,1024.6,0.9991
5.58,99.884,112.77,1024.4,0.99884
5.585,99.912,112.71,1023.1,0.99912
5.59,99.89,112.97,1023,0.9989
5.595,99.926,112.27,1023.7,0.99926
5.6,99.91,112.2,1020.9,0.9991
5.605,99.947,111.73,1021.7,0.99947
5.61,99.928,111.8,1020.5,0.99928
5.615,99.956,112.13,1020.9,0.99956
5.62,99.929,112.33,1023.9,0.99929
5.625,99.963,112.14,1024.7,0.99963
5.63,99.935,112.16,1026.1,0.99935
5.635,99.974,111.61,1023.6,0.99974
5.64,99.949,111.71,1020.5,0.99949
5.645,99.981,111.53,1018.1,0.99981
5.65,99.959,111.85,1017.4,0.99959
5.655,99.988,111.78,1017.3,0.99988
5.66,99.971,112.01,1017.2,0.99971
5.665,99.999,111.92,1019,0.99999
5.67,99.983,112.11,1018.1,0.99983
5.675,100,112.33,1020.3,1
5.68,99.991,112.69,1022.1,0.99991
5.685,100.01,112.76,1023.6,1.0001
5.69,100,113.01,1025.2,1
5.695,100.03,112.58,1023.9,1.0003
5.7,100.01,112.55,1023,1.0001
5.705,100.04,112.28,1020.4,1.0004
5.71,100.02,112.35,1020,1.0002
5.715,100.05,111.89,1020.2,1.0005
5.72,100.03,112,1020.1,1.0003
5.725,100.05,111.6,1022,1.0005
5.73,100.03,111.76,1021.1,1.0003
5.735,100.06,111.86,1022.1,1.0006
5.74,100.05,112.06,1024.6,1.0005
5.745,100.07,112.3,1025.1,1.0007
5.75,100.05,112.71,1025.8,1.0005
5.755,100.07,112.63,1025.2,1.0007
5.76,100.05,113.05,1024.9,1.0005
5.765,100.06,112.27,1021.8,1.0006
5.77,100.06,112.15,1021.2,1.0006
5.775,100.08,111.99,1019.3,1.0008
5.78,100.06,111.91,1017.1,1.0006
5.785,100.08,111.75,1019.1,1.0008
5.79,100.06,111.94,1019.5,1.0006
5.795,100.07,111.78,1022.3,1.0007
5.8,100.04,112.18,1023.7,1.0004
5.805,100.06,112,1022.5,1.0006
5.81,100.03,112.35,1023.2,1.0003
5.815,100.05,111.81,1020,1.0005
5.82,100.03,111.74,1018,1.0003
5.825,100.06,111.74,1016,1.0006
5.83,100.04,111.76,1015.3,1.0004
5.835,100.06,111.9,1015.3,1.0006
5.84,100.04,112.08,1016.1,1.0004
5.845,100.05,112.23,1017.2,1.0005
5.85,100.03,112.66,1016.8,1.0003
5.855,100.04,112.29,1020.3,1.0004
5.86,100.01,112.47,1022.9,1.0001
5.865,100.03,112.14,1024.9,1.0003
5.87,100,112.34,1025.8,1
5.875,100.02,112.46,1024.5,1.0002
5.88,99.994,112.62,1021.4,0.99994
5.885,100.01,112.07,1019,1.0001
5.89,99.973,111.97,1018.5,0.99973
5.895,99.993,111.62,1015.9,0.99993
5.9,99.965,111.82,1017,0.99965
5.905,99.985,111.69,1019.6,0.99985
5.91,99.959,111.96,1019.4,0.99959
5.915,99.976,111.66,1019.8,0.99976
5.92,99.939,111.8,1021.7,0.99939
5.925,99.967,111.54,1019.9,0.99967
5.93,99.926,111.61,1021.6,0.99926
5.935,99.953,111.66,1023,0.99953
5.94,99.923,112.11,1022.1,0.99923
5.945,99.953,112.35,1022.6,0.99953
5.95,99.91,112.58,1021.5,0.9991
5.955,99.947,111.84,1022.7,0.99947
5.96,99.898,111.76,1021.9,0.99898
5.965,99.928,111.78,1020.6,0.99928
5.97,99.893,111.92,1020.9,0.99893
5.975,99.92,112.02,1022.2,0.9992
5.98,99.889,112.22,1023.8,0.99889
5.985,99.92,111.54,1024,0.9992
5.99,99.888,111.78,1025.1,0.99888
5.995,99.92,111.73,1022.1,0.9992
6,99.884,111.88,1019,0.99884
6.005,99.919,111.72,1018.4,0.99919
6.01,99.882,111.81,1016.7,0.99882
6.015,99.915,111.66,1015.8,0.99915
6.02,99.887,112.21,1016,0.99887
6.025,99.926,112.17,1017.2,0.99926
6.03,99.886,112.39,1018.1,0.99886
6.035,99.931,111.89,1019.1,0.99931
6.04,99.884,111.73,1021.8,0.99884
6.045,99.922,111.37,1021.1,0.99922
6.05,99.89,111.53,1022,0.9989
6.055,99.92,111.86,1021.8,0.9992
6.06,99.898,111.98,1018.9,0.99898
6.065,99.933,111.95,1018.8,0.99933
6.07,99.909,112.22,1017.7,0.99909
6.075,99.949,111.51,1019.4,0.99949
6.08,99.923,111.76,1021.6,0.99923
6.085,99.957,111.77,1022.7,0.99957
6.09,99.932,111.94,1022.8,0.99932
6.095,99.967,112.08,1022.3,0.99967
6.1,99.934,112.28,1023,0.99934
6.105,99.973,111.97,1023.1,0.99973
6.11,99.942,112.05,1024.2,0.99942
6.115,99.981,111.77,1024.3,0.99981
6.12,99.959,111.88,1021.5,0.99959
6.125,99.99,111.93,1019.4,0.9999
6.13,99.96,112.47,1019.4,0.9996
6.135,99.993,112.21,1019.4,0.99993
6.14,99.979,112.38,1022.7,0.99979
6.145,100.01,111.79,1026.2,1.0001
6.15,100,111.69,1025.4,1
6.155,100.03,111.7,1025.2,1.0003
6.16,100.01,111.9,1023.6,1.0001
6.165,100.04,111.85,1021.9,1.0004
6.17,100.02,112.02,1022.6,1.0002
6.175,100.05,111.77,1019.5,1.0005
6.18,100.02,112.16,1018.3,1.0002
6.185,100.05,112.22,1016.5,1.0005
6.19,100.03,112.31,1015.1,1.0003
6.195,100.05,111.86,1016.1,1.0005
6.2,100.04,111.78,1019.3,1.0004
6.205,100.06,111.2,1022.2,1.0006
6.21,100.04,111.57,1022.8,1.0004
6.215,100.07,111.15,1021.7,1.0007
6.22,100.05,111.45,1019.9,1.0005
6.225,100.08,111.57,1018,1.0008
6.23,100.07,111.59,1018.2,1.0007
6.235,100.09,111.7,1020.7,1.0009
6.24,100.06,111.91,1018.8,1.0006
6.245,100.08,111.42,1019.7,1.0008
6.25,100.05,111.73,1018.7,1.0005
6.255,100.07,111.43,1020.3,1.0007
6.26,100.05,111.44,1023.6,1.0005
6.265,100.07,111.6,1023.9,1.0007
6.27,100.03,112,1024.4,1.0003
6.275,100.06,112.28,1023.1,1.0006
6.28,100.04,112.48,1020.2,1.0004
6.285,100.07,112.33,1018.5,1.0007
6.29,100.04,112.46,1019.9,1.0004
6.295,100.06,111.91,1017.7,1.0006
6.3,100.03,112.27,1017.7,1.0003
6.305,100.04,111.73,1019.8,1.0004
6.31,100.02,111.65,1018.6,1.0002
6.315,100.04,111.82,1021.3,1.0004
6.32,100,111.84,1024.1,1
6.325,100.02,111.64,1023.6,1.0002
6.33,99.991,111.88,1024.8,0.99991
6.335,100.01,111.66,1023.6,1.0001
6.34,99.98,111.89,1020.9,0.9998
6.345,100,111.94,1020.4,1
6.35,99.968,112.05,1019.1,0.99968
6.355,99.984,111.15,1020,0.99984
6.36,99.954,111.63,1019.8,0.99954
6.365,99.975,111.2,1018.3,0.99975
6.37,99.942,111.43,1018.7,0.99942
6.375,99.971,111.45,1018.1,0.99971
6.38,99.935,111.51,1021.7,0.99935
6.385,99.964,111.67,1024.4,0.99964
6.39,99.92,111.84,1025.3,0.9992
6.395,99.955,111.63,1022.3,0.99955
6.4,99.898,111.66,1018.7,0.99898
6.405,99.933,111.51,1015.2,0.99933
6.41,99.888,111.76,1013.6,0.99888
6.415,99.924,111.61,1017.7,0.99924
6.42,99.885,111.75,1020.6,0.99885
6.425,99.922,110.99,1024.3,0.99922
6.43,99.884,111.15,1025,0.99884
6.435,99.916,110.83,1022.4,0.99916
6.44,99.886,111.32,1022.8,0.99886
6.445,99.917,111.76,1022.5,0.99917
6.45,99.88,111.92,1023.4,0.9988
6.455,99.913,112.18,1022.7,0.99913
6.46,99.869,112.14,1019.4,0.99869
6.465,99.905,111.94,1016.2,0.99905
6.47,99.866,112.2,1014.5,0.99866
6.475,99.905,112.1,1016.5,0.99905
6.48,99.861,112.28,1019.7,0.99861
6.485,99.902,112.17,1021.6,0.99902
6.49,99.857,112.33,1023,0.99857
6.495,99.899,112.23,1024,0.99899
6.5,99.866,112.42,1022.5,0.99866
6.505,99.909,112.05,1021.4,0.99909
6.51,99.877,112.52,1021.8,0.99877
6.515,99.917,112.2,1017.4,0.99917
6.52,99.892,112.32,1016.8,0.99892
6.525,99.939,111.63,1018.3,0.99939
6.53,99.914,111.49,1016.7,0.99914
6.535,99.957,110.99,1021.8,0.99957
6.54,99.923,111.18,1024.3,0.99923
6.545,99.963,111.03,1023.7,0.99963
6.55,99.928,111.22,1025.1,0.99928
6.555,99.965,111.34,1023.2,0.99965
6.56,99.936,111.56,1020,0.99936
6.565,99.974,111.36,1018.3,0.99974
6.57,99.945,111.53,1017.2,0.99945
6.575,99.985,111.21,1015.7,0.99985
6.58,99.964,111.41,1016.6,0.99964
6.585,99.998,111.53,1017.5,0.99998
6.59,99.978,111.79,1017.3,0.99978
6.595,100.01,111.44,1017.6,1.0001
6.6,99.995,111.61,1019.4,0.99995
6.605,100.03,111.14,1020.7,1.0003
6.61,100.01,111.27,1022.4,1.0001
6.615,100.04,110.96,1024.4,1.0004
6.62,100,111.19,1021.6,1
6.625,100.03,111.01,1019.4,1.0003
6.63,100.01,111.17,1017.3,1.0001
6.635,100.04,111.31,1016.1,1.0004
6.64,100.01,111.6,1017,1.0001
6.645,100.04,111.51,1020.1,1.0004
6.65,100.02,111.8,1021.3,1.0002
6.655,100.05,111.26,1020.8,1.0005
6.66,100.04,111.27,1021.5,1.0004
6.665,100.06,111.05,1017.7,1.0006
6.67,100.04,111.23,1018.7,1.0004
6.675,100.07,111.17,1017.2,1.0007
6.68,100.04,111.62,1016.3,1.0004
6.685,100.06,111.52,1016.9,1.0006
6.69,100.03,111.88,1016,1.0003
6.695,100.06,111.56,1019.8,1.0006
6.7,100.03,111.76,1020.2,1.0003
6.705,100.05,111.74,1023.6,1.0005
6.71,100.02,111.76,1023.9,1.0002
6.715,100.05,111.58,1019.9,1.0005
6.72,100.02,111.38,1018.9,1.0002
6.725,100.04,111.21,1016.1,1.0004
6.73,100.02,111.4,1016.3,1.0002
6.735,100.04,111.18,1018.1,1.0004
6.74,100.01,111.67,1018.1,1.0001
6.745,100.03,111.41,1017.8,1.0003
6.75,100,111.58,1016.4,1
6.755,100.03,111.38,1017.9,1.0003
6.76,99.991,111.5,1021.6,0.99991
6.765,100.01,111.47,1024.3,1.0001
6.77,99.973,111.56,1026.2,0.99973
6.775,100,111.63,1023.4,1
6.78,99.963,111.84,1020.4,0.99963
6.785,99.99,111.57,1016.4,0.9999
6.79,99.953,111.89,1015.3,0.99953
6.795,99.976,111.46,1017.8,0.99976
6.8,99.94,111.83,1017.4,0.9994
6.805,99.965,111.65,1019.6,0.99965
6.81,99.931,112.02,1018.8,0.99931
6.815,99.96,112.31,1018.9,0.9996
6.82,99.916,112.3,1021.7,0.99916
6.825,99.945,112.17,1023.1,0.99945
6.83,99.898,112.17,1025.1,0.99898
6.835,99.934,111.77,1021.6,0.99934
6.84,99.89,112.11,1019.6,0.9989
6.845,99.93,111.79,1016.4,0.9993
6.85,99.887,112.16,1015.8,0.99887
6.855,99.927,111.82,1018.4,0.99927
6.86,99.879,112.04,1018.9,0.99879
6.865,99.917,111.93,1021.1,0.99917
6.87,99.868,111.93,1021.3,0.99868
6.875,99.902,111.93,1021.3,0.99902
6.88,99.866,112.14,1023.3,0.99866
6.885,99.902,111.68,1020.6,0.99902
6.89,99.863,111.83,1020.4,0.99863
6.895,99.909,111.11,1020.5,0.99909
6.9,99.859,111.08,1017.8,0.99859
6.905,99.899,111.17,1018.2,0.99899
6.91,99.859,111.59,1017.2,0.99859
6.915,99.902,111.61,1017.1,0.99902
6.92,99.86,111.97,1019.7,0.9986
6.925,99.915,111.21,1020.8,0.99915
6.93,99.867,111.34,1021.8,0.99867
6.935,99.912,111.17,1021.5,0.99912
6.94,99.875,111.46,1021,0.99875
6.945,99.909,111.73,1019.6,0.99909
6.95,99.879,111.71,1018.4,0.99879
6.955,99.92,111.43,1019.4,0.9992
6.96,99.893,111.57,1017,0.99893
6.965,99.943,111,1020.1,0.99943
6.97,99.909,111.19,1021.3,0.99909
6.975,99.955,111.04,1018.9,0.99955
6.98,99.92,111.26,1022.3,0.9992
6.985,99.958,111.45,1021.7,0.99958
6.99,99.919,111.73,1022.5,0.99919
6.995,99.959,111.68,1024.1,0.99959
7,99.925,111.9,1021.4,0.99925
7.005,99.969,111.38,1019.1,0.99969
7.01,99.943,111.6,1017.2,0.99943
7.015,99.979,111.58,1017.1,0.99979
7.02,99.959,111.72,1018.1,0.99959
7.025,99.995,111.77,1021.2,0.99995
7.03,99.969,112.12,1022.2,0.99969
7.035,100,111.96,1022.4,1
7.04,99.984,112,1021.7,0.99984
7.045,100.02,111.68,1020.1,1.0002
7.05,99.994,112.01,1021.1,0.99994
7.055,100.03,111.92,1019.3,1.0003
7.06,99.996,112.44,1019.1,0.99996
7.065,100.03,112.43,1017.9,1.0003
7.07,99.999,112.63,1016.7,0.99999
7.075,100.03,112.52,1018.9,1.0003
7.08,100.01,112.47,1021.9,1.0001
7.085,100.04,112.39,1025.1,1.0004
7.09,100.02,112.59,1025.7,1.0002
7.095,100.05,112.28,1024.5,1.0005
7.1,100.03,112.43,1021.1,1.0003
7.105,100.06,112.01,1016.9,1.0006
7.11,100.04,111.86,1015.8,1.0004
7.115,100.06,111.1,1016.9,1.0006
7.12,100.03,111.53,1016.7,1.0003
7.125,100.05,111.34,1020,1.0005
7.13,100.02,111.66,1021,1.0002
7.135,100.04,111.8,1019.3,1.0004
7.14,100.01,111.99,1022.9,1.0001
7.145,100.04,111.93,1022.1,1.0004
7.15,100.01,111.94,1022.2,1.0001
7.155,100.04,111.52,1021.1,1.0004
7.16,100.01,111.73,1018.1,1.0001
7.165,100.03,111.35,1016.3,1.0003
7.17,100,111.58,1016,1
7.175,100.02,111.58,1017.7,1.0002
7.18,99.988,111.52,1020.6,0.99988
7.185,100.01,111.46,1023.7,1.0001
7.19,99.97,111.78,1024.7,0.9997
7.195,99.998,111.24,1021.9,0.99998
7.2,99.955,111.45,1018.6,0.99955
7.205,99.986,111.3,1015.3,0.99986
7.21,99.947,111.67,1015.5,0.99947
7.215,99.979,111.81,1016.7,0.99979
7.22,99.943,112.28,1016.5,0.99943
7.225,99.969,112,1017.3,0.99969
7.23,99.929,112.2,1015.6,0.99929
7.235,99.958,112.2,1018.1,0.99958
7.24,99.917,112.38,1021.4,0.99917
7.245,99.949,112,1021.7,0.99949
7.25,99.907,112.2,1023.3,0.99907
7.255,99.943,111.99,1020.9,0.99943
7.26,99.879,111.9,1017.6,0.99879
7.265,99.924,111.37,1017.8,0.99924
7.27,99.87,111.62,1017.2,0.9987
7.275,99.914,111.45,1018.5,0.99914
7.28,99.872,111.68,1021.8,0.99872
7.285,99.91,111.52,1022.5,0.9991
7.29,99.861,111.48,1023,0.99861
7.295,99.899,111.16,1023.2,0.99899
7.3,99.859,111.56,1022.6,0.99859
7.305,99.898,111.73,1020.5,0.99898
7.31,99.859,112.08,1020.9,0.99859
7.315,99.903,111.78,1019.6,0.99903
7.32,99.85,111.78,1017.9,0.9985
7.325,99.897,111.62,1018.2,0.99897
7.33,99.843,111.71,1016.7,0.99843
7.335,99.894,111.31,1018.5,0.99894
7.34,99.849,111.67,1021,0.99849
7.345,99.897,111.43,1023,0.99897
7.35,99.852,111.53,1024.5,0.99852
7.355,99.899,111.25,1021.7,0.99899
7.36,99.867,111.35,1018,0.99867
7.365,99.917,110.8,1015.6,0.99917
7.37,99.883,111.15,1014.1,0.99883
7.375,99.926,111.25,1016.8,0.99926
7.38,99.891,111.54,1018.9,0.99891
7.385,99.933,111.68,1021.6,0.99933
7.39,99.9,111.92,1022,0.999
7.395,99.95,111.38,1020,0.9995
7.4,99.909,111.46,1019.4,0.99909
7.405,99.955,111.25,1016.6,0.99955
7.41,99.915,111.29,1016.8,0.99915
7.415,99.958,111.27,1017.9,0.99958
7.42,99.927,111.62,1016.5,0.99927
7.425,99.97,111.42,1016.8,0.9997
7.43,99.94,111.78,1015.5,0.9994
7.435,99.979,111.74,1016.9,0.99979
7.44,99.956,111.93,1020.5,0.99956
7.445,99.996,111.72,1023,0.99996
7.45,99.977,111.83,1024.9,0.99977
7.455,100.01,111.59,1022.3,1.0001
7.46,99.986,111.64,1018.9,0.99986
7.465,100.02,111.45,1015.9,1.0002
7.47,99.991,111.58,1014.1,0.99991
7.475,100.02,111.39,1015.8,1.0002
7.48,99.997,111.77,1017,0.99997
7.485,100.03,111.55,1019.7,1.0003
7.49,100,111.93,1020.3,1
7.495,100.03,111.7,1019.8,1.0003
7.5,100.01,111.8,1020.6,1.0001
7.505,100.04,111.6,1018.3,1.0004
7.51,100.02,111.94,1019.5,1.0002
7.515,100.05,111.92,1019.2,1.0005
7.52,100.02,112.16,1017.5,1.0002
7.525,100.05,111.91,1017.8,1.0005
7.53,100.02,112.19,1017.4,1.0002
7.535,100.04,112,1017.9,1.0004
7.54,100,112.46,1019.2,1
7.545,100.03,112.39,1021.5,1.0003
7.55,100,112.42,1021.6,1
7.555,100.03,112.06,1020.6,1.0003
7.56,100,112.1,1020.4,1
7.565,100.02,111.82,1017.4,1.0002
7.57,100,111.94,1016.9,1
7.575,100.02,111.65,1018.2,1.0002
7.58,99.992,111.84,1017.6,0.99992
7.585,100.02,111.63,1020,1.0002
7.59,99.983,111.86,1019.8,0.99983
7.595,100.01,111.67,1020,1.0001
7.6,99.966,111.91,1022.8,0.99966
7.605,99.997,111.65,1021,0.99997
7.61,99.949,111.84,1022.3,0.99949
7.615,99.979,111.56,1019.4,0.99979
7.62,99.938,111.82,1016.3,0.99938
7.625,99.966,111.64,1016.2,0.99966
7.63,99.925,111.93,1014.6,0.99925
7.635,99.955,111.86,1018.1,0.99955
7.64,99.912,112,1021.1,0.99912
7.645,99.947,111.73,1023.1,0.99947
7.65,99.902,111.89,1024.2,0.99902
7.655,99.941,111.69,1021.7,0.99941
7.66,99.888,111.93,1020.1,0.99888
7.665,99.93,111.81,1017.4,0.9993
7.67,99.873,111.96,1016.8,0.99873
7.675,99.918,111.7,1018.4,0.99918
7.68,99.861,111.83,1018,0.99861
7.685,99.905,111.6,1020.8,0.99905
7.69,99.854,111.83,1020.6,0.99854
7.695,99.896,111.61,1020.3,0.99896
7.7,99.853,111.87,1022.4,0.99853
7.705,99.895,111.71,1021,0.99895
7.71,99.852,111.8,1021.9,0.99852
7.715,99.894,111.69,1020.2,0.99894
7.72,99.849,111.96,1017.4,0.99849
7.725,99.898,111.68,1016.9,0.99898
7.73,99.849,112.05,1015.3,0.99849
7.735,99.901,111.82,1018,0.99901
7.74,99.845,111.94,1020.9,0.99845
7.745,99.897,111.77,1023.1,0.99897
7.75,99.846,111.71,1025,0.99846
7.755,99.895,111.4,1021.4,0.99895
7.76,99.857,111.53,1018.5,0.99857
7.765,99.903,111.4,1015.8,0.99903
7.77,99.87,111.62,1013.8,0.9987
7.775,99.916,111.68,1015.5,0.99916
7.78,99.882,112.06,1015.5,0.99882
7.785,99.932,111.87,1016.9,0.99932
7.79,99.893,112.4,1017.7,0.99893
7.795,99.943,112.18,1018.9,0.99943
7.8,99.9,112.36,1022.1,0.999
7.805,99.95,112,1020.6,0.9995
7.81,99.907,112.11,1022,0.99907
7.815,99.956,111.7,1019.8,0.99956
7.82,99.923,111.82,1016.4,0.99923
7.825,99.968,111.61,1017.3,0.99968
7.83,99.948,111.63,1016.5,0.99948
7.835,99.992,111.37,1019.3,0.99992
7.84,99.968,111.59,1022.6,0.99968
7.845,100.01,111.38,1023.7,1.0001
7.85,99.976,111.81,1024.4,0.99976
7.855,100.01,111.63,1021.6,1.0001
7.86,99.983,111.84,1018.8,0.99983
7.865,100.02,111.68,1016.7,1.0002
7.87,99.985,111.95,1016.1,0.99985
7.875,100.02,111.83,1018,1.0002
7.88,100,111.9,1020.9,1
7.885,100.04,111.84,1023.5,1.0004
7.89,100.02,111.72,1024.2,1.0002
7.895,100.06,111.41,1023.5,1.0006
7.9,100.03,111.78,1022.4,1.0003
7.905,100.06,111.43,1019.9,1.0006
7.91,100.02,111.85,1019.5,1.0002
7.915,100.05,111.21,1021.1,1.0005
7.92,100.02,111.51,1018.6,1.0002
7.925,100.05,111.12,1021.4,1.0005
7.93,100.01,111.18,1020.8,1.0001
7.935,100.04,111.62,1020.9,1.0004
7.94,100.01,111.76,1024.7,1.0001
7.945,100.03,111.75,1023.5,1.0003
7.95,100,111.93,1023.9,1
7.955,100.03,111.51,1020.1,1.0003
7.96,100,111.56,1016.5,1
7.965,100.03,111.49,1014.6,1.0003
7.97,99.998,111.99,1013.8,0.99998
7.975,100.02,111.74,1017.3,1.0002
7.98,99.982,112.09,1020.2,0.99982
7.985,100.01,111.73,1023.6,1.0001
7.99,99.967,111.92,1024.2,0.99967
7.995,100,111.72,1022.2,1
8,99.951,111.94,1020.8,0.99951
8.005,99.985,111.73,1017,0.99985
8.01,99.936,111.66,1015.8,0.99936
8.015,99.968,111.28,1017.7,0.99968
8.02,99.92,111.27,1019.4,0.9992
8.025,99.949,110.81,1021,0.99949
8.03,99.907,111.27,1021.5,0.99907
8.035,99.94,111.25,1020.5,0.9994
8.04,99.898,111.77,1021.1,0.99898
8.045,99.939,111.88,1021.5,0.99939
8.05,99.889,112.2,1023,0.99889
8.055,99.934,111.95,1020.7,0.99934
8.06,99.87,112.09,1017.1,0.9987
8.065,99.918,111.76,1016.2,0.99918
8.07,99.855,111.81,1014.3,0.99855
8.075,99.9,111.52,1017.8,0.999
8.08,99.851,111.67,1021.3,0.99851
8.085,99.895,111.34,1022.5,0.99895
8.09,99.849,111.53,1024.3,0.99849
8.095,99.894,111.28,1021.2,0.99894
8.1,99.844,111.38,1017.6,0.99844
8.105,99.892,111.36,1016.3,0.99892
8.11,99.839,111.52,1014.5,0.99839
8.115,99.891,111.33,1017.4,0.99891
8.12,99.842,111.8,1018.1,0.99842
8.125,99.898,111.32,1020.6,0.99898
8.13,99.848,111.75,1021.2,0.99848
8.135,99.897,111.85,1020.3,0.99897
8.14,99.845,112.1,1023,0.99845
8.145,99.895,111.94,1019.8,0.99895
8.15,99.854,111.83,1019.2,0.99854
8.155,99.907,111.3,1018.5,0.99907
8.16,99.874,111.3,1015.9,0.99874
8.165,99.929,110.96,1017.7,0.99929
8.17,99.89,111.33,1018.2,0.9989
8.175,99.942,111.15,1018.6,0.99942
8.18,99.899,111.34,1020.6,0.99899
8.185,99.947,111.23,1019,0.99947
8.19,99.902,111.46,1020.2,0.99902
8.195,99.951,111.19,1018.2,0.99951
8.2,99.91,111.61,1016.1,0.9991
8.205,99.958,111.24,1016.7,0.99958
8.21,99.92,111.56,1015.1,0.9992
8.215,99.964,111.71,1018.1,0.99964
8.22,99.941,111.86,1020.2,0.99941
8.225,99.983,111.98,1022.3,0.99983
8.23,99.963,112.09,1023.8,0.99963
8.235,100,111.56,1021.7,1
8.24,99.976,111.68,1019.4,0.99976
8.245,100.01,111.45,1017,1.0001
8.25,99.981,111.62,1015.4,0.99981
8.255,100.02,111.55,1016.6,1.0002
8.26,99.985,111.89,1016.7,0.99985
8.265,100.02,111.7,1019.9,1.0002
8.27,99.991,112.08,1020.3,0.99991
8.275,100.02,111.87,1019.4,1.0002
8.28,100,112.12,1022.2,1
8.285,100.03,112.07,1019.3,1.0003
8.29,100.01,112.31,1021,1.0001
8.295,100.05,112.25,1020.4,1.0005
8.3,100.02,112.47,1017.3,1.0002
8.305,100.04,111.9,1019.1,1.0004
8.31,100.01,111.94,1017.6,1.0001
8.315,100.04,111.46,1019.6,1.0004
8.32,100,111.55,1022.8,1
8.325,100.02,111.36,1020.7,1.0002
8.33,99.992,111.75,1021.6,0.99992
8.335,100.02,111.48,1019.4,1.0002
8.34,99.987,111.8,1016.7,0.99987
8.345,100.01,111.57,1016.5,1.0001
8.35,99.979,111.76,1015.4,0.99979
8.355,100.01,111.87,1017.5,1.0001
8.36,99.973,112.1,1018.3,0.99973
8.365,100.01,112.21,1021.7,1.0001
8.37,99.969,112.44,1022.3,0.99969
8.375,100,112.23,1021.6,1
8.38,99.951,112.46,1022.3,0.99951
8.385,99.984,112,1018.5,0.99984
8.39,99.932,112.07,1018,0.99932
8.395,99.963,111.54,1019.1,0.99963
8.4,99.917,111.59,1018.6,0.99917
8.405,99.949,111.32,1022.4,0.99949
8.41,99.904,111.53,1022.9,0.99904
8.415,99.941,111.31,1021.6,0.99941
8.42,99.89,111.68,1023.4,0.9989
8.425,99.935,111.59,1020.9,0.99935
8.43,99.882,111.96,1021.7,0.99882
8.435,99.931,111.89,1021.8,0.99931
8.44,99.871,112.1,1018.6,0.99871
8.445,99.917,112.06,1018.2,0.99917
8.45,99.856,112.28,1016.3,0.99856
8.455,99.9,111.89,1017,0.999
8.46,99.846,111.9,1019.5,0.99846
8.465,99.893,111.39,1019.3,0.99893
8.47,99.843,111.51,1021.2,0.99843
8.475,99.892,111.43,1019.1,0.99892
8.48,99.839,111.67,1016.4,0.99839
8.485,99.892,111.44,1016.7,0.99892
8.49,99.839,111.64,1014.7,0.99839
8.495,99.896,111.37,1016.9,0.99896
8.5,99.84,111.7,1019.7,0.9984
8.505,99.894,111.66,1022.1,0.99894
8.51,99.837,111.91,1023.7,0.99837
8.515,99.888,111.67,1021.9,0.99888
8.52,99.845,111.86,1020.1,0.99845
8.525,99.896,111.6,1016.8,0.99896
8.53,99.859,111.7,1015.5,0.99859
8.535,99.913,111.43,1017.4,0.99913
8.54,99.876,111.67,1017.5,0.99876
8.545,99.932,111.39,1020.7,0.99932
8.55,99.89,111.67,1021.7,0.9989
8.555,99.943,111.61,1020.6,0.99943
8.56,99.897,111.83,1022.1,0.99897
8.565,99.948,111.68,1018.9,0.99948
8.57,99.904,111.94,1019.3,0.99904
8.575,99.954,111.62,1018.6,0.99954
8.58,99.928,111.65,1017.9,0.99928
8.585,99.976,111.47,1019.9,0.99976
8.59,99.951,111.58,1019,0.99951
8.595,99.997,111.39,1019.8,0.99997
8.6,99.962,111.78,1021.6,0.99962
8.605,100,111.44,1020.2,1
8.61,99.972,111.76,1021.4,0.99972
8.615,100.01,111.48,1020.3,1.0001
8.62,99.979,111.7,1016.8,0.99979
8.625,100.02,111.59,1016.8,1.0002
8.63,99.981,111.78,1014.8,0.99981
8.635,100.02,111.69,1016.9,1.0002
8.64,99.994,111.88,1020.3,0.99994
8.645,100.03,111.64,1022.3,1.0003
8.65,100,112.08,1023.3,1
8.655,100.03,111.84,1021.3,1.0003
8.66,100,112,1018.3,1
8.665,100.04,111.66,1016,1.0004
8.67,100.01,111.67,1015.3,1.0001
8.675,100.05,111.37,1017.2,1.0005
8.68,100,111.66,1018.7,1
8.685,100.04,111.56,1021.9,1.0004
8.69,99.998,111.8,1022.8,0.99998
8.695,100.03,111.85,1022.8,1.0003
8.7,100,112.08,1022.7,1
8.705,100.03,111.87,1019.2,1.0003
8.71,100,112.06,1019.2,1
8.715,100.02,111.7,1017.9,1.0002
8.72,99.987,111.87,1016.9,0.99987
8.725,100.01,111.85,1017.8,1.0001
8.73,99.975,112.14,1017.1,0.99975
8.735,100,111.9,1017.9,1
8.74,99.959,112.2,1020.3,0.99959
8.745,99.996,111.73,1019.1,0.99996
8.75,99.941,111.89,1020.5,0.99941
8.755,99.976,111.63,1018.7,0.99976
8.76,99.928,111.83,1015.5,0.99928
8.765,99.96,111.68,1017.5,0.9996
8.77,99.914,111.87,1015.7,0.99914
8.775,99.949,111.63,1017.7,0.99949



