t,UAB0,UAB1,UAB2
0,95.128,0.95128,0.95
0.005,95.129,0.95129,0.95001
0.01,95.128,0.95128,0.95
0.015,95.129,0.95129,0.95001
0.02,95.129,0.95129,0.95001
0.025,95.13,0.9513,0.95002
0.03,95.132,0.95132,0.95004
0.035,95.132,0.95132,0.95004
0.04,95.134,0.95134,0.95006
0.045,95.134,0.95134,0.95006
0.05,95.134,0.95134,0.95006
0.055,95.133,0.95133,0.95005
0.06,95.134,0.95134,0.95006
0.065,95.134,0.95134,0.95006
0.07,95.134,0.95134,0.95006
0.075,95.133,0.95133,0.95005
0.08,95.131,0.95131,0.95003
0.085,95.131,0.95131,0.95003
0.09,95.129,0.95129,0.95001
0.095,95.129,0.95129,0.95001
0.1,95.128,0.95128,0.95
0.105,95.129,0.95129,0.95001
0.11,95.13,0.9513,0.95002
0.115,95.13,0.9513,0.95002
0.12,95.132,0.95132,0.95004
0.125,95.131,0.95131,0.95003
0.13,95.131,0.95131,0.95003
0.135,95.13,0.9513,0.95002
0.14,95.129,0.95129,0.95001
0.145,95.129,0.95129,0.95001
0.15,95.127,0.95127,0.94999
0.155,95.13,0.9513,0.95002
0.16,95.126,0.95126,0.94998
0.165,95.129,0.95129,0.95001
0.17,95.125,0.95125,0.94997
0.175,95.127,0.95127,0.94999
0.18,95.125,0.95125,0.94997
0.185,95.13,0.9513,0.95002
0.19,95.13,0.9513,0.95002
0.195,95.134,0.95134,0.95006
0.2,95.135,0.95135,0.95007
0.205,95.135,0.95135,0.95007
0.21,95.137,0.95137,0.95009
0.215,95.136,0.95136,0.95008
0.22,95.137,0.95137,0.95009
0.225,95.137,0.95137,0.95009
0.23,95.136,0.95136,0.95008
0.235,95.137,0.95137,0.95009
0.24,95.136,0.95136,0.95008
0.245,95.136,0.95136,0.95008
0.25,95.134,0.95134,0.95006
0.255,95.136,0.95136,0.95008
0.26,95.135,0.95135,0.95007
0.265,95.136,0.95136,0.95008
0.27,95.136,0.95136,0.95008
0.275,95.136,0.95136,0.95008
0.28,95.137,0.95137,0.95009
0.285,95.138,0.95138,0.9501
0.29,95.138,0.95138,0.9501
0.295,95.137,0.95137,0.95009
0.3,95.137,0.95137,0.95009
0.305,95.137,0.95137,0.95009
0.31,95.135,0.95135,0.95007
0.315,95.136,0.95136,0.95008
0.32,95.135,0.95135,0.95007
0.325,95.136,0.95136,0.95008
0.33,95.137,0.95137,0.95009
0.335,95.138,0.95138,0.9501
0.34,95.139,0.95139,0.95011
0.345,95.139,0.95139,0.95011
0.35,95.141,0.95141,0.95013
0.355,95.139,0.95139,0.95011
0.36,95.14,0.9514,0.95012
0.365,95.138,0.95138,0.9501
0.37,95.137,0.95137,0.95009
0.375,95.137,0.95137,0.95009
0.38,95.137,0.95137,0.95009
0.385,95.137,0.95137,0.95009
0.39,95.136,0.95136,0.95008
0.395,95.137,0.95137,0.95009
0.4,95.136,0.95136,0.95008
0.405,95.139,0.95139,0.95011
0.41,95.138,0.95138,0.9501
0.415,95.14,0.9514,0.95012
0.42,95.141,0.95141,0.95013
0.425,95.142,0.95142,0.95014
0.43,95.144,0.95144,0.95016
0.435,95.144,0.95144,0.95016
0.44,95.146,0.95146,0.95018
0.445,95.142,0.95142,0.95014
0.45,95.145,0.95145,0.95017
0.455,95.142,0.95142,0.95014
0.46,95.143,0.95143,0.95015
0.465,95.139,0.95139,0.95011
0.47,95.14,0.9514,0.95012
0.475,95.138,0.95138,0.9501
0.48,95.137,0.95137,0.95009
0.485,95.137,0.95137,0.95009
0.49,95.135,0.95135,0.95007
0.495,95.135,0.95135,0.95007
0.5,95.132,0.95132,0.95004
0.505,95.134,0.95134,0.95006
0.51,95.133,0.95133,0.95005
0.515,95.134,0.95134,0.95006
0.52,95.135,0.95135,0.95007
0.525,95.135,0.95135,0.95007
0.53,95.136,0.95136,0.95008
0.535,95.136,0.95136,0.95008
0.54,95.137,0.95137,0.95009
0.545,95.135,0.95135,0.95007
0.55,95.136,0.95136,0.95008
0.555,95.135,0.95135,0.95007
0.56,95.133,0.95133,0.95005
0.565,95.134,0.95134,0.95006
0.57,95.13,0.9513,0.95002
0.575,95.132,0.95132,0.95004
0.58,95.128,0.95128,0.95
0.585,95.132,0.95132,0.95004
0.59,95.129,0.95129,0.95001
0.595,95.133,0.95133,0.95005
0.6,95.132,0.95132,0.95004
0.605,95.135,0.95135,0.95007
0.61,95.134,0.95134,0.95006
0.615,95.135,0.95135,0.95007
0.62,95.135,0.95135,0.95007
0.625,95.135,0.95135,0.95007
0.63,95.135,0.95135,0.95007
0.635,95.134,0.95134,0.95006
0.64,95.133,0.95133,0.95005
0.645,95.132,0.95132,0.95004
0.65,95.13,0.9513,0.95002
0.655,95.131,0.95131,0.95003
0.66,95.131,0.95131,0.95003
0.665,95.131,0.95131,0.95003
0.67,95.133,0.95133,0.95005
0.675,95.132,0.95132,0.95004
0.68,95.136,0.95136,0.95008
0.685,95.134,0.95134,0.95006
0.69,95.139,0.95139,0.95011
0.695,95.135,0.95135,0.95007
0.7,95.138,0.95138,0.9501
0.705,95.134,0.95134,0.95006
0.71,95.133,0.95133,0.95005
0.715,95.132,0.95132,0.95004
0.72,95.127,0.95127,0.94999
0.725,95.129,0.95129,0.95001
0.73,95.123,0.95123,0.94995
0.735,95.128,0.95128,0.95
0.74,95.123,0.95123,0.94995
0.745,95.129,0.95129,0.95001
0.75,95.129,0.95129,0.95001
0.755,95.13,0.9513,0.95002
0.76,95.134,0.95134,0.95006
0.765,95.134,0.95134,0.95006
0.77,95.14,0.9514,0.95012
0.775,95.137,0.95137,0.95009
0.78,95.142,0.95142,0.95014
0.785,95.136,0.95136,0.95008
0.79,95.139,0.95139,0.95011
0.795,95.136,0.95136,0.95008
0.8,95.135,0.95135,0.95007
0.805,95.135,0.95135,0.95007
0.81,95.133,0.95133,0.95005
0.815,95.135,0.95135,0.95007
0.82,95.133,0.95133,0.95005
0.825,95.134,0.95134,0.95006
0.83,95.135,0.95135,0.95007
0.835,95.134,0.95134,0.95006
0.84,95.136,0.95136,0.95008
0.845,95.134,0.95134,0.95006
0.85,95.138,0.95138,0.9501
0.855,95.134,0.95134,0.95006
0.86,95.137,0.95137,0.95009
0.865,95.131,0.95131,0.95003
0.87,95.13,0.9513,0.95002
0.875,95.128,0.95128,0.95
0.88,95.124,0.95124,0.94996
0.885,95.127,0.95127,0.94999
0.89,95.122,0.95122,0.94994
0.895,95.125,0.95125,0.94997
0.9,95.12,0.9512,0.94992
0.905,95.124,0.95124,0.94996
0.91,95.123,0.95123,0.94995
0.915,95.124,0.95124,0.94996
0.92,95.127,0.95127,0.94999
0.925,95.127,0.95127,0.94999
0.93,95.131,0.95131,0.95003
0.935,95.128,0.95128,0.95
0.94,95.131,0.95131,0.95003
0.945,95.126,0.95126,0.94998
0.95,95.127,0.95127,0.94999
0.955,95.126,0.95126,0.94998
0.96,95.125,0.95125,0.94997
0.965,95.125,0.95125,0.94997
0.97,95.122,0.95122,0.94994
0.975,95.126,0.95126,0.94998
0.98,95.124,0.95124,0.94996
0.985,95.128,0.95128,0.95
0.99,95.131,0.95131,0.95003
0.995,95.132,0.95132,0.95004
1,95.138,0.95138,0.9501
1.005,95.136,0.95136,0.95008
1.01,95.14,0.9514,0.95012
1.015,95.135,0.95135,0.95007
1.02,95.137,0.95137,0.95009
1.025,95.146,0.95146,0.95018
1.03,95.171,0.95171,0.95043
1.035,95.253,0.95253,0.95125
1.04,95.308,0.95308,0.9518
1.045,95.456,0.95456,0.95328
1.05,95.512,0.95512,0.95384
1.055,95.655,0.95655,0.95527
1.06,95.712,0.95712,0.95584
1.065,95.851,0.95851,0.95723
1.07,95.907,0.95907,0.95779
1.075,96.047,0.96047,0.95919
1.08,96.106,0.96106,0.95978
1.085,96.235,0.96235,0.96107
1.09,96.293,0.96293,0.96165
1.095,96.427,0.96427,0.96299
1.1,96.477,0.96477,0.96349
1.105,96.602,0.96602,0.96474
1.11,96.653,0.96653,0.96525
1.115,96.778,0.96778,0.9665
1.12,96.821,0.96821,0.96693
1.125,96.948,0.96948,0.9682
1.13,96.99,0.9699,0.96862
1.135,97.104,0.97104,0.96976
1.14,97.148,0.97148,0.9702
1.145,97.265,0.97265,0.97137
1.15,97.301,0.97301,0.97173
1.155,97.412,0.97412,0.97284
1.16,97.455,0.97455,0.97327
1.165,97.553,0.97553,0.97425
1.17,97.596,0.97596,0.97468
1.175,97.699,0.97699,0.97571
1.18,97.73,0.9773,0.97602
1.185,97.831,0.97831,0.97703
1.19,97.862,0.97862,0.97734
1.195,97.949,0.97949,0.97821
1.2,97.981,0.97981,0.97853
1.205,98.07,0.9807,0.97942
1.21,98.093,0.98093,0.97965
1.215,98.188,0.98188,0.9806
1.22,98.211,0.98211,0.98083
1.225,98.296,0.98296,0.98168
1.23,98.33,0.9833,0.98202
1.235,98.403,0.98403,0.98275
1.24,98.438,0.98438,0.9831
1.245,98.507,0.98507,0.98379
1.25,98.534,0.98534,0.98406
1.255,98.609,0.98609,0.98481
1.26,98.633,0.98633,0.98505
1.265,98.702,0.98702,0.98574
1.27,98.725,0.98725,0.98597
1.275,98.785,0.98785,0.98657
1.28,98.805,0.98805,0.98677
1.285,98.864,0.98864,0.98736
1.29,98.882,0.98882,0.98754
1.295,98.949,0.98949,0.98821
1.3,98.964,0.98964,0.98836
1.305,99.031,0.99031,0.98903
1.31,99.047,0.99047,0.98919
1.315,99.104,0.99104,0.98976
1.32,99.124,0.99124,0.98996
1.325,99.172,0.99172,0.99044
1.33,99.197,0.99197,0.99069
1.335,99.236,0.99236,0.99108
1.34,99.258,0.99258,0.9913
1.345,99.297,0.99297,0.99169
1.35,99.313,0.99313,0.99185
1.355,99.359,0.99359,0.99231
1.36,99.371,0.99371,0.99243
1.365,99.419,0.99419,0.99291
1.37,99.428,0.99428,0.993
1.375,99.476,0.99476,0.99348
1.38,99.486,0.99486,0.99358
1.385,99.529,0.99529,0.99401
1.39,99.542,0.99542,0.99414
1.395,99.575,0.99575,0.99447
1.4,99.59,0.9959,0.99462
1.405,99.62,0.9962,0.99492
1.41,99.638,0.99638,0.9951
1.415,99.663,0.99663,0.99535
1.42,99.68,0.9968,0.99552
1.425,99.703,0.99703,0.99575
1.43,99.717,0.99717,0.99589
1.435,99.744,0.99744,0.99616
1.44,99.757,0.99757,0.99629
1.445,99.784,0.99784,0.99656
1.45,99.794,0.99794,0.99666
1.455,99.824,0.99824,0.99696
1.46,99.833,0.99833,0.99705
1.465,99.859,0.99859,0.99731
1.47,99.867,0.99867,0.99739
1.475,99.894,0.99894,0.99766
1.48,99.902,0.99902,0.99774
1.485,99.925,0.99925,0.99797
1.49,99.932,0.99932,0.99804
1.495,99.953,0.99953,0.99825
1.5,99.959,0.99959,0.99831
1.505,99.979,0.99979,0.99851
1.51,99.984,0.99984,0.99856
1.515,100,1,0.99872
1.52,100,1,0.99872
1.525,100.02,1.0002,0.99892
1.53,100.02,1.0002,0.99892
1.535,100.04,1.0004,0.99912
1.54,100.05,1.0005,0.99922
1.545,100.06,1.0006,0.99932
1.55,100.07,1.0007,0.99942
1.555,100.08,1.0008,0.99952
1.56,100.09,1.0009,0.99962
1.565,100.1,1.001,0.99972
1.57,100.11,1.0011,0.99982
1.575,100.12,1.0012,0.99992
1.58,100.12,1.0012,0.99992
1.585,100.13,1.0013,1.00002
1.59,100.13,1.0013,1.00002
1.595,100.14,1.0014,1.00012
1.6,100.15,1.0015,1.00022
1.605,100.16,1.0016,1.00032
1.61,100.16,1.0016,1.00032
1.615,100.17,1.0017,1.00042
1.62,100.17,1.0017,1.00042
1.625,100.18,1.0018,1.00052
1.63,100.18,1.0018,1.00052
1.635,100.19,1.0019,1.00062
1.64,100.19,1.0019,1.00062
1.645,100.2,1.002,1.00072
1.65,100.2,1.002,1.00072
1.655,100.21,1.0021,1.00082
1.66,100.21,1.0021,1.00082
1.665,100.22,1.0022,1.00092
1.67,100.22,1.0022,1.00092
1.675,100.23,1.0023,1.00102
1.68,100.23,1.0023,1.00102
1.685,100.24,1.0024,1.00112
1.69,100.24,1.0024,1.00112
1.695,100.25,1.0025,1.00122
1.7,100.25,1.0025,1.00122
1.705,100.26,1.0026,1.00132
1.71,100.26,1.0026,1.00132
1.715,100.26,1.0026,1.00132
1.72,100.27,1.0027,1.00142
1.725,100.27,1.0027,1.00142
1.73,100.27,1.0027,1.00142
1.735,100.28,1.0028,1.00152
1.74,100.28,1.0028,1.00152
1.745,100.28,1.0028,1.00152
1.75,100.28,1.0028,1.00152
1.755,100.29,1.0029,1.00162
1.76,100.29,1.0029,1.00162
1.765,100.29,1.0029,1.00162
1.77,100.3,1.003,1.00172
1.775,100.3,1.003,1.00172
1.78,100.3,1.003,1.00172
1.785,100.3,1.003,1.00172
1.79,100.31,1.0031,1.00182
1.795,100.3,1.003,1.00172
1.8,100.31,1.0031,1.00182
1.805,100.31,1.0031,1.00182
1.81,100.31,1.0031,1.00182
1.815,100.31,1.0031,1.00182
1.82,100.31,1.0031,1.00182
1.825,100.31,1.0031,1.00182
1.83,100.31,1.0031,1.00182
1.835,100.31,1.0031,1.00182
1.84,100.31,1.0031,1.00182
1.845,100.31,1.0031,1.00182
1.85,100.31,1.0031,1.00182
1.855,100.31,1.0031,1.00182
1.86,100.32,1.0032,1.00192
1.865,100.32,1.0032,1.00192
1.87,100.32,1.0032,1.00192
1.875,100.32,1.0032,1.00192
1.88,100.32,1.0032,1.00192
1.885,100.32,1.0032,1.00192
1.89,100.31,1.0031,1.00182
1.895,100.32,1.0032,1.00192
1.9,100.32,1.0032,1.00192
1.905,100.32,1.0032,1.00192
1.91,100.32,1.0032,1.00192
1.915,100.32,1.0032,1.00192
1.92,100.32,1.0032,1.00192
1.925,100.32,1.0032,1.00192
1.93,100.33,1.0033,1.00202
1.935,100.32,1.0032,1.00192
1.94,100.33,1.0033,1.00202
1.945,100.32,1.0032,1.00192
1.95,100.32,1.0032,1.00192
1.955,100.32,1.0032,1.00192
1.96,100.32,1.0032,1.00192
1.965,100.32,1.0032,1.00192
1.97,100.32,1.0032,1.00192
1.975,100.32,1.0032,1.00192
1.98,100.32,1.0032,1.00192
1.985,100.32,1.0032,1.00192
1.99,100.31,1.0031,1.00182
1.995,100.31,1.0031,1.00182
2,100.31,1.0031,1.00182
2.005,100.31,1.0031,1.00182
2.01,100.31,1.0031,1.00182
2.015,100.31,1.0031,1.00182
2.02,100.31,1.0031,1.00182
2.025,100.31,1.0031,1.00182
2.03,100.31,1.0031,1.00182
2.035,100.31,1.0031,1.00182
2.04,100.31,1.0031,1.00182
2.045,100.3,1.003,1.00172
2.05,100.3,1.003,1.00172
2.055,100.3,1.003,1.00172
2.06,100.3,1.003,1.00172
2.065,100.3,1.003,1.00172
2.07,100.3,1.003,1.00172
2.075,100.3,1.003,1.00172
2.08,100.3,1.003,1.00172
2.085,100.3,1.003,1.00172
2.09,100.3,1.003,1.00172
2.095,100.3,1.003,1.00172
2.1,100.3,1.003,1.00172
2.105,100.3,1.003,1.00172
2.11,100.3,1.003,1.00172
2.115,100.3,1.003,1.00172
2.12,100.3,1.003,1.00172
2.125,100.3,1.003,1.00172
2.13,100.3,1.003,1.00172
2.135,100.3,1.003,1.00172
2.14,100.29,1.0029,1.00162
2.145,100.29,1.0029,1.00162
2.15,100.29,1.0029,1.00162
2.155,100.29,1.0029,1.00162
2.16,100.29,1.0029,1.00162
2.165,100.29,1.0029,1.00162
2.17,100.29,1.0029,1.00162
2.175,100.29,1.0029,1.00162
2.18,100.29,1.0029,1.00162
2.185,100.28,1.0028,1.00152
2.19,100.28,1.0028,1.00152
2.195,100.28,1.0028,1.00152
2.2,100.28,1.0028,1.00152
2.205,100.28,1.0028,1.00152
2.21,100.28,1.0028,1.00152
2.215,100.27,1.0027,1.00142
2.22,100.27,1.0027,1.00142
2.225,100.27,1.0027,1.00142
2.23,100.27,1.0027,1.00142
2.235,100.27,1.0027,1.00142
2.24,100.27,1.0027,1.00142
2.245,100.27,1.0027,1.00142
2.25,100.27,1.0027,1.00142
2.255,100.27,1.0027,1.00142
2.26,100.27,1.0027,1.00142
2.265,100.27,1.0027,1.00142
2.27,100.27,1.0027,1.00142
2.275,100.27,1.0027,1.00142
2.28,100.27,1.0027,1.00142
2.285,100.26,1.0026,1.00132
2.29,100.26,1.0026,1.00132
2.295,100.26,1.0026,1.00132
2.3,100.25,1.0025,1.00122
2.305,100.25,1.0025,1.00122
2.31,100.25,1.0025,1.00122
2.315,100.25,1.0025,1.00122
2.32,100.25,1.0025,1.00122
2.325,100.25,1.0025,1.00122
2.33,100.25,1.0025,1.00122
2.335,100.25,1.0025,1.00122
2.34,100.25,1.0025,1.00122
2.345,100.25,1.0025,1.00122
2.35,100.25,1.0025,1.00122
2.355,100.24,1.0024,1.00112
2.36,100.25,1.0025,1.00122
2.365,100.24,1.0024,1.00112
2.37,100.24,1.0024,1.00112
2.375,100.24,1.0024,1.00112
2.38,100.23,1.0023,1.00102
2.385,100.23,1.0023,1.00102
2.39,100.23,1.0023,1.00102
2.395,100.23,1.0023,1.00102
2.4,100.23,1.0023,1.00102
2.405,100.23,1.0023,1.00102
2.41,100.23,1.0023,1.00102
2.415,100.23,1.0023,1.00102
2.42,100.23,1.0023,1.00102
2.425,100.23,1.0023,1.00102
2.43,100.23,1.0023,1.00102
2.435,100.22,1.0022,1.00092
2.44,100.22,1.0022,1.00092
2.445,100.22,1.0022,1.00092
2.45,100.22,1.0022,1.00092
2.455,100.22,1.0022,1.00092
2.46,100.21,1.0021,1.00082
2.465,100.21,1.0021,1.00082
2.47,100.21,1.0021,1.00082
2.475,100.21,1.0021,1.00082
2.48,100.21,1.0021,1.00082
2.485,100.21,1.0021,1.00082
2.49,100.21,1.0021,1.00082
2.495,100.21,1.0021,1.00082
2.5,100.21,1.0021,1.00082
2.505,100.21,1.0021,1.00082
2.51,100.21,1.0021,1.00082
2.515,100.21,1.0021,1.00082
2.52,100.21,1.0021,1.00082
2.525,100.21,1.0021,1.00082
2.53,100.2,1.002,1.00072
2.535,100.2,1.002,1.00072
2.54,100.2,1.002,1.00072
2.545,100.2,1.002,1.00072
2.55,100.19,1.0019,1.00062
2.555,100.19,1.0019,1.00062
2.56,100.19,1.0019,1.00062
2.565,100.19,1.0019,1.00062
2.57,100.19,1.0019,1.00062
2.575,100.19,1.0019,1.00062
2.58,100.19,1.0019,1.00062
2.585,100.19,1.0019,1.00062
2.59,100.19,1.0019,1.00062
2.595,100.19,1.0019,1.00062
2.6,100.19,1.0019,1.00062
2.605,100.19,1.0019,1.00062
2.61,100.19,1.0019,1.00062
2.615,100.19,1.0019,1.00062
2.62,100.18,1.0018,1.00052
2.625,100.18,1.0018,1.00052
2.63,100.18,1.0018,1.00052
2.635,100.18,1.0018,1.00052
2.64,100.18,1.0018,1.00052
2.645,100.18,1.0018,1.00052
2.65,100.18,1.0018,1.00052
2.655,100.18,1.0018,1.00052
2.66,100.18,1.0018,1.00052
2.665,100.18,1.0018,1.00052
2.67,100.18,1.0018,1.00052
2.675,100.18,1.0018,1.00052
2.68,100.18,1.0018,1.00052
2.685,100.18,1.0018,1.00052
2.69,100.18,1.0018,1.00052
2.695,100.18,1.0018,1.00052
2.7,100.17,1.0017,1.00042
2.705,100.17,1.0017,1.00042
2.71,100.17,1.0017,1.00042
2.715,100.17,1.0017,1.00042
2.72,100.17,1.0017,1.00042
2.725,100.17,1.0017,1.00042
2.73,100.17,1.0017,1.00042
2.735,100.17,1.0017,1.00042
2.74,100.16,1.0016,1.00032
2.745,100.16,1.0016,1.00032
2.75,100.16,1.0016,1.00032
2.755,100.16,1.0016,1.00032
2.76,100.16,1.0016,1.00032
2.765,100.16,1.0016,1.00032
2.77,100.16,1.0016,1.00032
2.775,100.16,1.0016,1.00032
2.78,100.16,1.0016,1.00032
2.785,100.16,1.0016,1.00032
2.79,100.16,1.0016,1.00032
2.795,100.15,1.0015,1.00022
2.8,100.15,1.0015,1.00022
2.805,100.15,1.0015,1.00022
2.81,100.15,1.0015,1.00022
2.815,100.15,1.0015,1.00022
2.82,100.15,1.0015,1.00022
2.825,100.15,1.0015,1.00022
2.83,100.15,1.0015,1.00022
2.835,100.15,1.0015,1.00022
2.84,100.15,1.0015,1.00022
2.845,100.15,1.0015,1.00022
2.85,100.15,1.0015,1.00022
2.855,100.15,1.0015,1.00022
2.86,100.15,1.0015,1.00022
2.865,100.15,1.0015,1.00022
2.87,100.15,1.0015,1.00022
2.875,100.15,1.0015,1.00022
2.88,100.15,1.0015,1.00022
2.885,100.15,1.0015,1.00022
2.89,100.15,1.0015,1.00022
2.895,100.15,1.0015,1.00022
2.9,100.15,1.0015,1.00022
2.905,100.15,1.0015,1.00022
2.91,100.15,1.0015,1.00022
2.915,100.14,1.0014,1.00012
2.92,100.15,1.0015,1.00022
2.925,100.14,1.0014,1.00012
2.93,100.14,1.0014,1.00012
2.935,100.14,1.0014,1.00012
2.94,100.14,1.0014,1.00012
2.945,100.14,1.0014,1.00012
2.95,100.14,1.0014,1.00012
2.955,100.13,1.0013,1.00002
2.96,100.13,1.0013,1.00002
2.965,100.13,1.0013,1.00002
2.97,100.13,1.0013,1.00002
2.975,100.13,1.0013,1.00002
2.98,100.13,1.0013,1.00002
2.985,100.13,1.0013,1.00002
2.99,100.13,1.0013,1.00002
2.995,100.13,1.0013,1.00002
3,100.13,1.0013,1.00002
3.005,100.13,1.0013,1.00002
3.01,100.13,1.0013,1.00002
3.015,100.13,1.0013,1.00002
3.02,100.14,1.0014,1.00012
3.025,100.13,1.0013,1.00002
3.03,100.13,1.0013,1.00002
3.035,100.13,1.0013,1.00002
3.04,100.13,1.0013,1.00002
3.045,100.13,1.0013,1.00002
3.05,100.13,1.0013,1.00002
3.055,100.13,1.0013,1.00002
3.06,100.13,1.0013,1.00002
3.065,100.13,1.0013,1.00002
3.07,100.13,1.0013,1.00002
3.075,100.13,1.0013,1.00002
3.08,100.13,1.0013,1.00002
3.085,100.13,1.0013,1.00002
3.09,100.13,1.0013,1.00002
3.095,100.13,1.0013,1.00002
3.1,100.13,1.0013,1.00002
3.105,100.12,1.0012,0.99992
3.11,100.12,1.0012,0.99992
3.115,100.12,1.0012,0.99992
3.12,100.12,1.0012,0.99992
3.125,100.12,1.0012,0.99992
3.13,100.11,1.0011,0.99982
3.135,100.11,1.0011,0.99982
3.14,100.11,1.0011,0.99982
3.145,100.11,1.0011,0.99982
3.15,100.11,1.0011,0.99982
3.155,100.11,1.0011,0.99982
3.16,100.11,1.0011,0.99982
3.165,100.11,1.0011,0.99982
3.17,100.11,1.0011,0.99982
3.175,100.11,1.0011,0.99982
3.18,100.12,1.0012,0.99992
3.185,100.11,1.0011,0.99982
3.19,100.11,1.0011,0.99982
3.195,100.11,1.0011,0.99982
3.2,100.11,1.0011,0.99982
3.205,100.11,1.0011,0.99982
3.21,100.1,1.001,0.99972
3.215,100.1,1.001,0.99972
3.22,100.1,1.001,0.99972
3.225,100.1,1.001,0.99972
3.23,100.1,1.001,0.99972
3.235,100.1,1.001,0.99972
3.24,100.1,1.001,0.99972
3.245,100.1,1.001,0.99972
3.25,100.1,1.001,0.99972
3.255,100.1,1.001,0.99972
3.26,100.11,1.0011,0.99982
3.265,100.1,1.001,0.99972
3.27,100.1,1.001,0.99972
3.275,100.1,1.001,0.99972
3.28,100.1,1.001,0.99972
3.285,100.1,1.001,0.99972
3.29,100.1,1.001,0.99972
3.295,100.1,1.001,0.99972
3.3,100.09,1.0009,0.99962
3.305,100.1,1.001,0.99972
3.31,100.09,1.0009,0.99962
3.315,100.09,1.0009,0.99962
3.32,100.1,1.001,0.99972
3.325,100.1,1.001,0.99972
3.33,100.1,1.001,0.99972
3.335,100.1,1.001,0.99972
3.34,100.11,1.0011,0.99982
3.345,100.1,1.001,0.99972
3.35,100.1,1.001,0.99972
3.355,100.1,1.001,0.99972
3.36,100.1,1.001,0.99972
3.365,100.1,1.001,0.99972
3.37,100.09,1.0009,0.99962
3.375,100.1,1.001,0.99972
3.38,100.09,1.0009,0.99962
3.385,100.09,1.0009,0.99962
3.39,100.09,1.0009,0.99962
3.395,100.09,1.0009,0.99962
3.4,100.09,1.0009,0.99962
3.405,100.09,1.0009,0.99962
3.41,100.09,1.0009,0.99962
3.415,100.09,1.0009,0.99962
3.42,100.1,1.001,0.99972
3.425,100.09,1.0009,0.99962
3.43,100.1,1.001,0.99972
3.435,100.09,1.0009,0.99962
3.44,100.09,1.0009,0.99962
3.445,100.09,1.0009,0.99962
3.45,100.09,1.0009,0.99962
3.455,100.09,1.0009,0.99962
3.46,100.08,1.0008,0.99952
3.465,100.09,1.0009,0.99962
3.47,100.08,1.0008,0.99952
3.475,100.09,1.0009,0.99962
3.48,100.08,1.0008,0.99952
3.485,100.09,1.0009,0.99962
3.49,100.09,1.0009,0.99962
3.495,100.09,1.0009,0.99962
3.5,100.09,1.0009,0.99962
3.505,100.09,1.0009,0.99962
3.51,100.09,1.0009,0.99962
3.515,100.09,1.0009,0.99962
3.52,100.09,1.0009,0.99962
3.525,100.08,1.0008,0.99952
3.53,100.08,1.0008,0.99952
3.535,100.08,1.0008,0.99952
3.54,100.08,1.0008,0.99952
3.545,100.08,1.0008,0.99952
3.55,100.07,1.0007,0.99942
3.555,100.08,1.0008,0.99952
3.56,100.08,1.0008,0.99952
3.565,100.08,1.0008,0.99952
3.57,100.08,1.0008,0.99952
3.575,100.08,1.0008,0.99952
3.58,100.08,1.0008,0.99952
3.585,100.08,1.0008,0.99952
3.59,100.08,1.0008,0.99952
3.595,100.08,1.0008,0.99952
3.6,100.08,1.0008,0.99952
3.605,100.08,1.0008,0.99952
3.61,100.07,1.0007,0.99942
3.615,100.07,1.0007,0.99942
3.62,100.07,1.0007,0.99942
3.625,100.07,1.0007,0.99942
3.63,100.07,1.0007,0.99942
3.635,100.08,1.0008,0.99952
3.64,100.08,1.0008,0.99952
3.645,100.08,1.0008,0.99952
3.65,100.08,1.0008,0.99952
3.655,100.08,1.0008,0.99952
3.66,100.08,1.0008,0.99952
3.665,100.08,1.0008,0.99952
3.67,100.07,1.0007,0.99942
3.675,100.07,1.0007,0.99942
3.68,100.07,1.0007,0.99942
3.685,100.07,1.0007,0.99942
3.69,100.07,1.0007,0.99942
3.695,100.07,1.0007,0.99942
3.7,100.07,1.0007,0.99942
3.705,100.07,1.0007,0.99942
3.71,100.07,1.0007,0.99942
3.715,100.07,1.0007,0.99942
3.72,100.07,1.0007,0.99942
3.725,100.07,1.0007,0.99942
3.73,100.07,1.0007,0.99942
3.735,100.07,1.0007,0.99942
3.74,100.07,1.0007,0.99942
3.745,100.07,1.0007,0.99942
3.75,100.07,1.0007,0.99942
3.755,100.07,1.0007,0.99942
3.76,100.07,1.0007,0.99942
3.765,100.07,1.0007,0.99942
3.77,100.07,1.0007,0.99942
3.775,100.07,1.0007,0.99942
3.78,100.07,1.0007,0.99942
3.785,100.07,1.0007,0.99942
3.79,100.07,1.0007,0.99942
3.795,100.07,1.0007,0.99942
3.8,100.07,1.0007,0.99942
3.805,100.07,1.0007,0.99942
3.81,100.07,1.0007,0.99942
3.815,100.07,1.0007,0.99942
3.82,100.07,1.0007,0.99942
3.825,100.07,1.0007,0.99942
3.83,100.07,1.0007,0.99942
3.835,100.07,1.0007,0.99942
3.84,100.07,1.0007,0.99942
3.845,100.07,1.0007,0.99942
3.85,100.06,1.0006,0.99932
3.855,100.06,1.0006,0.99932
3.86,100.06,1.0006,0.99932
3.865,100.06,1.0006,0.99932
3.87,100.06,1.0006,0.99932
3.875,100.06,1.0006,0.99932
3.88,100.06,1.0006,0.99932
3.885,100.06,1.0006,0.99932
3.89,100.06,1.0006,0.99932
3.895,100.06,1.0006,0.99932
3.9,100.06,1.0006,0.99932
3.905,100.06,1.0006,0.99932
3.91,100.06,1.0006,0.99932
3.915,100.05,1.0005,0.99922
3.92,100.05,1.0005,0.99922
3.925,100.05,1.0005,0.99922
3.93,100.05,1.0005,0.99922
3.935,100.05,1.0005,0.99922
3.94,100.05,1.0005,0.99922
3.945,100.05,1.0005,0.99922
3.95,100.05,1.0005,0.99922
3.955,100.05,1.0005,0.99922
3.96,100.05,1.0005,0.99922
3.965,100.05,1.0005,0.99922
3.97,100.05,1.0005,0.99922
3.975,100.05,1.0005,0.99922
3.98,100.05,1.0005,0.99922
3.985,100.05,1.0005,0.99922
3.99,100.05,1.0005,0.99922
3.995,100.05,1.0005,0.99922
4,100.05,1.0005,0.99922
4.005,100.05,1.0005,0.99922
4.01,100.05,1.0005,0.99922
4.015,100.05,1.0005,0.99922
4.02,100.05,1.0005,0.99922
4.025,100.05,1.0005,0.99922
4.03,100.05,1.0005,0.99922
4.035,100.05,1.0005,0.99922
4.04,100.06,1.0006,0.99932
4.045,100.06,1.0006,0.99932
4.05,100.06,1.0006,0.99932
4.055,100.06,1.0006,0.99932
4.06,100.06,1.0006,0.99932
4.065,100.06,1.0006,0.99932
4.07,100.06,1.0006,0.99932
4.075,100.05,1.0005,0.99922
4.08,100.05,1.0005,0.99922
4.085,100.05,1.0005,0.99922
4.09,100.05,1.0005,0.99922
4.095,100.05,1.0005,0.99922
4.1,100.05,1.0005,0.99922
4.105,100.05,1.0005,0.99922
4.11,100.04,1.0004,0.99912
4.115,100.05,1.0005,0.99922
4.12,100.04,1.0004,0.99912
4.125,100.05,1.0005,0.99922
4.13,100.04,1.0004,0.99912
4.135,100.05,1.0005,0.99922
4.14,100.04,1.0004,0.99912
4.145,100.05,1.0005,0.99922
4.15,100.05,1.0005,0.99922
4.155,100.05,1.0005,0.99922
4.16,100.05,1.0005,0.99922
4.165,100.05,1.0005,0.99922
4.17,100.05,1.0005,0.99922
4.175,100.05,1.0005,0.99922
4.18,100.05,1.0005,0.99922
4.185,100.05,1.0005,0.99922
4.19,100.05,1.0005,0.99922
4.195,100.05,1.0005,0.99922
4.2,100.05,1.0005,0.99922
4.205,100.05,1.0005,0.99922
4.21,100.05,1.0005,0.99922
4.215,100.05,1.0005,0.99922
4.22,100.05,1.0005,0.99922
4.225,100.05,1.0005,0.99922
4.23,100.05,1.0005,0.99922
4.235,100.05,1.0005,0.99922
4.24,100.05,1.0005,0.99922
4.245,100.05,1.0005,0.99922
4.25,100.05,1.0005,0.99922
4.255,100.05,1.0005,0.99922
4.26,100.05,1.0005,0.99922
4.265,100.05,1.0005,0.99922
4.27,100.04,1.0004,0.99912
4.275,100.04,1.0004,0.99912
4.28,100.04,1.0004,0.99912
4.285,100.04,1.0004,0.99912
4.29,100.04,1.0004,0.99912
4.295,100.04,1.0004,0.99912
4.3,100.04,1.0004,0.99912
4.305,100.04,1.0004,0.99912
4.31,100.04,1.0004,0.99912
4.315,100.04,1.0004,0.99912
4.32,100.04,1.0004,0.99912
4.325,100.04,1.0004,0.99912
4.33,100.04,1.0004,0.99912
4.335,100.04,1.0004,0.99912
4.34,100.04,1.0004,0.99912
4.345,100.04,1.0004,0.99912
4.35,100.04,1.0004,0.99912
4.355,100.04,1.0004,0.99912
4.36,100.04,1.0004,0.99912
4.365,100.04,1.0004,0.99912
4.37,100.04,1.0004,0.99912
4.375,100.04,1.0004,0.99912
4.38,100.04,1.0004,0.99912
4.385,100.04,1.0004,0.99912
4.39,100.04,1.0004,0.99912
4.395,100.05,1.0005,0.99922
4.4,100.04,1.0004,0.99912
4.405,100.05,1.0005,0.99922
4.41,100.04,1.0004,0.99912
4.415,100.05,1.0005,0.99922
4.42,100.04,1.0004,0.99912
4.425,100.04,1.0004,0.99912
4.43,100.04,1.0004,0.99912
4.435,100.04,1.0004,0.99912
4.44,100.04,1.0004,0.99912
4.445,100.05,1.0005,0.99922
4.45,100.05,1.0005,0.99922
4.455,100.04,1.0004,0.99912
4.46,100.05,1.0005,0.99922
4.465,100.04,1.0004,0.99912
4.47,100.04,1.0004,0.99912
4.475,100.04,1.0004,0.99912
4.48,100.04,1.0004,0.99912
4.485,100.04,1.0004,0.99912
4.49,100.04,1.0004,0.99912
4.495,100.04,1.0004,0.99912
4.5,100.04,1.0004,0.99912
4.505,100.04,1.0004,0.99912
4.51,100.04,1.0004,0.99912
4.515,100.04,1.0004,0.99912
4.52,100.04,1.0004,0.99912
4.525,100.05,1.0005,0.99922
4.53,100.04,1.0004,0.99912
4.535,100.05,1.0005,0.99922
4.54,100.04,1.0004,0.99912
4.545,100.05,1.0005,0.99922
4.55,100.04,1.0004,0.99912
4.555,100.04,1.0004,0.99912
4.56,100.04,1.0004,0.99912
4.565,100.04,1.0004,0.99912
4.57,100.04,1.0004,0.99912
4.575,100.04,1.0004,0.99912
4.58,100.04,1.0004,0.99912
4.585,100.04,1.0004,0.99912
4.59,100.04,1.0004,0.99912
4.595,100.04,1.0004,0.99912
4.6,100.04,1.0004,0.99912
4.605,100.04,1.0004,0.99912
4.61,100.04,1.0004,0.99912
4.615,100.04,1.0004,0.99912
4.62,100.05,1.0005,0.99922
4.625,100.04,1.0004,0.99912
4.63,100.04,1.0004,0.99912
4.635,100.04,1.0004,0.99912
4.64,100.04,1.0004,0.99912
4.645,100.04,1.0004,0.99912
4.65,100.04,1.0004,0.99912
4.655,100.03,1.0003,0.99902
4.66,100.03,1.0003,0.99902
4.665,100.03,1.0003,0.99902
4.67,100.03,1.0003,0.99902
4.675,100.03,1.0003,0.99902
4.68,100.03,1.0003,0.99902
4.685,100.03,1.0003,0.99902
4.69,100.03,1.0003,0.99902
4.695,100.03,1.0003,0.99902
4.7,100.03,1.0003,0.99902
4.705,100.03,1.0003,0.99902
4.71,100.03,1.0003,0.99902
4.715,100.03,1.0003,0.99902
4.72,100.03,1.0003,0.99902
4.725,100.03,1.0003,0.99902
4.73,100.03,1.0003,0.99902
4.735,100.02,1.0002,0.99892
4.74,100.02,1.0002,0.99892
4.745,100.02,1.0002,0.99892
4.75,100.02,1.0002,0.99892
4.755,100.02,1.0002,0.99892
4.76,100.02,1.0002,0.99892
4.765,100.02,1.0002,0.99892
4.77,100.02,1.0002,0.99892
4.775,100.03,1.0003,0.99902
4.78,100.03,1.0003,0.99902
4.785,100.03,1.0003,0.99902
4.79,100.03,1.0003,0.99902
4.795,100.03,1.0003,0.99902
4.8,100.03,1.0003,0.99902
4.805,100.03,1.0003,0.99902
4.81,100.03,1.0003,0.99902
4.815,100.03,1.0003,0.99902
4.82,100.03,1.0003,0.99902
4.825,100.03,1.0003,0.99902
4.83,100.03,1.0003,0.99902
4.835,100.03,1.0003,0.99902
4.84,100.03,1.0003,0.99902
4.845,100.03,1.0003,0.99902
4.85,100.03,1.0003,0.99902
4.855,100.03,1.0003,0.99902
4.86,100.03,1.0003,0.99902
4.865,100.03,1.0003,0.99902
4.87,100.03,1.0003,0.99902
4.875,100.03,1.0003,0.99902
4.88,100.03,1.0003,0.99902
4.885,100.03,1.0003,0.99902
4.89,100.03,1.0003,0.99902
4.895,100.03,1.0003,0.99902
4.9,100.03,1.0003,0.99902
4.905,100.03,1.0003,0.99902
4.91,100.03,1.0003,0.99902
4.915,100.03,1.0003,0.99902
4.92,100.03,1.0003,0.99902
4.925,100.03,1.0003,0.99902
4.93,100.03,1.0003,0.99902
4.935,100.03,1.0003,0.99902
4.94,100.03,1.0003,0.99902
4.945,100.03,1.0003,0.99902
4.95,100.03,1.0003,0.99902
4.955,100.03,1.0003,0.99902
4.96,100.03,1.0003,0.99902
4.965,100.03,1.0003,0.99902
4.97,100.03,1.0003,0.99902
4.975,100.03,1.0003,0.99902
4.98,100.03,1.0003,0.99902
4.985,100.03,1.0003,0.99902
4.99,100.03,1.0003,0.99902
4.995,100.03,1.0003,0.99902
5,100.03,1.0003,0.99902
5.005,100.03,1.0003,0.99902
5.01,100.03,1.0003,0.99902
5.015,100.03,1.0003,0.99902
5.02,100.04,1.0004,0.99912
5.025,100.03,1.0003,0.99902
5.03,100.04,1.0004,0.99912
5.035,100.03,1.0003,0.99902
5.04,100.03,1.0003,0.99902
5.045,100.03,1.0003,0.99902
5.05,100.03,1.0003,0.99902
5.055,100.03,1.0003,0.99902
5.06,100.02,1.0002,0.99892
5.065,100.03,1.0003,0.99902
5.07,100.02,1.0002,0.99892
5.075,100.02,1.0002,0.99892
5.08,100.02,1.0002,0.99892
5.085,100.03,1.0003,0.99902
5.09,100.03,1.0003,0.99902
5.095,100.03,1.0003,0.99902
5.1,100.03,1.0003,0.99902
5.105,100.03,1.0003,0.99902
5.11,100.03,1.0003,0.99902
5.115,100.03,1.0003,0.99902
5.12,100.03,1.0003,0.99902
5.125,100.03,1.0003,0.99902
5.13,100.03,1.0003,0.99902
5.135,100.03,1.0003,0.99902
5.14,100.03,1.0003,0.99902
5.145,100.03,1.0003,0.99902
5.15,100.03,1.0003,0.99902
5.155,100.03,1.0003,0.99902
5.16,100.03,1.0003,0.99902
5.165,100.03,1.0003,0.99902
5.17,100.04,1.0004,0.99912
5.175,100.04,1.0004,0.99912
5.18,100.04,1.0004,0.99912
5.185,100.04,1.0004,0.99912
5.19,100.04,1.0004,0.99912
5.195,100.04,1.0004,0.99912
5.2,100.04,1.0004,0.99912
5.205,100.04,1.0004,0.99912
5.21,100.03,1.0003,0.99902
5.215,100.03,1.0003,0.99902
5.22,100.03,1.0003,0.99902
5.225,100.03,1.0003,0.99902
5.23,100.03,1.0003,0.99902
5.235,100.03,1.0003,0.99902
5.24,100.03,1.0003,0.99902
5.245,100.03,1.0003,0.99902
5.25,100.03,1.0003,0.99902
5.255,100.04,1.0004,0.99912
5.26,100.04,1.0004,0.99912
5.265,100.04,1.0004,0.99912
5.27,100.04,1.0004,0.99912
5.275,100.04,1.0004,0.99912
5.28,100.04,1.0004,0.99912
5.285,100.04,1.0004,0.99912
5.29,100.04,1.0004,0.99912
5.295,100.04,1.0004,0.99912
5.3,100.04,1.0004,0.99912
5.305,100.04,1.0004,0.99912
5.31,100.04,1.0004,0.99912
5.315,100.04,1.0004,0.99912
5.32,100.04,1.0004,0.99912
5.325,100.04,1.0004,0.99912
5.33,100.04,1.0004,0.99912
5.335,100.04,1.0004,0.99912
5.34,100.04,1.0004,0.99912
5.345,100.04,1.0004,0.99912
5.35,100.05,1.0005,0.99922
5.355,100.04,1.0004,0.99912
5.36,100.05,1.0005,0.99922
5.365,100.04,1.0004,0.99912
5.37,100.04,1.0004,0.99912
5.375,100.04,1.0004,0.99912
5.38,100.04,1.0004,0.99912
5.385,100.04,1.0004,0.99912
5.39,100.04,1.0004,0.99912
5.395,100.04,1.0004,0.99912
5.4,100.04,1.0004,0.99912
5.405,100.04,1.0004,0.99912
5.41,100.04,1.0004,0.99912
5.415,100.04,1.0004,0.99912
5.42,100.04,1.0004,0.99912
5.425,100.04,1.0004,0.99912
5.43,100.04,1.0004,0.99912
5.435,100.04,1.0004,0.99912
5.44,100.04,1.0004,0.99912
5.445,100.04,1.0004,0.99912
5.45,100.03,1.0003,0.99902
5.455,100.03,1.0003,0.99902
5.46,100.03,1.0003,0.99902
5.465,100.03,1.0003,0.99902
5.47,100.03,1.0003,0.99902
5.475,100.04,1.0004,0.99912
5.48,100.04,1.0004,0.99912
5.485,100.04,1.0004,0.99912
5.49,100.04,1.0004,0.99912
5.495,100.04,1.0004,0.99912
5.5,100.04,1.0004,0.99912
5.505,100.04,1.0004,0.99912
5.51,100.04,1.0004,0.99912
5.515,100.04,1.0004,0.99912
5.52,100.04,1.0004,0.99912
5.525,100.04,1.0004,0.99912
5.53,100.03,1.0003,0.99902
5.535,100.04,1.0004,0.99912
5.54,100.04,1.0004,0.99912
5.545,100.04,1.0004,0.99912
5.55,100.04,1.0004,0.99912
5.555,100.04,1.0004,0.99912
5.56,100.04,1.0004,0.99912
5.565,100.04,1.0004,0.99912
5.57,100.04,1.0004,0.99912
5.575,100.04,1.0004,0.99912
5.58,100.04,1.0004,0.99912
5.585,100.04,1.0004,0.99912
5.59,100.04,1.0004,0.99912
5.595,100.04,1.0004,0.99912
5.6,100.04,1.0004,0.99912
5.605,100.04,1.0004,0.99912
5.61,100.04,1.0004,0.99912
5.615,100.04,1.0004,0.99912
5.62,100.04,1.0004,0.99912
5.625,100.04,1.0004,0.99912
5.63,100.04,1.0004,0.99912
5.635,100.04,1.0004,0.99912
5.64,100.05,1.0005,0.99922
5.645,100.04,1.0004,0.99912
5.65,100.04,1.0004,0.99912
5.655,100.04,1.0004,0.99912
5.66,100.04,1.0004,0.99912
5.665,100.04,1.0004,0.99912
5.67,100.04,1.0004,0.99912
5.675,100.05,1.0005,0.99922
5.68,100.04,1.0004,0.99912
5.685,100.05,1.0005,0.99922
5.69,100.05,1.0005,0.99922
5.695,100.05,1.0005,0.99922
5.7,100.05,1.0005,0.99922
5.705,100.05,1.0005,0.99922
5.71,100.05,1.0005,0.99922
5.715,100.05,1.0005,0.99922
5.72,100.05,1.0005,0.99922
5.725,100.05,1.0005,0.99922
5.73,100.05,1.0005,0.99922
5.735,100.05,1.0005,0.99922
5.74,100.05,1.0005,0.99922
5.745,100.05,1.0005,0.99922
5.75,100.05,1.0005,0.99922
5.755,100.05,1.0005,0.99922
5.76,100.05,1.0005,0.99922
5.765,100.05,1.0005,0.99922
5.77,100.05,1.0005,0.99922
5.775,100.05,1.0005,0.99922
5.78,100.05,1.0005,0.99922
5.785,100.05,1.0005,0.99922
5.79,100.06,1.0006,0.99932
5.795,100.05,1.0005,0.99922
5.8,100.06,1.0006,0.99932
5.805,100.05,1.0005,0.99922
5.81,100.06,1.0006,0.99932
5.815,100.05,1.0005,0.99922
5.82,100.05,1.0005,0.99922
5.825,100.05,1.0005,0.99922
5.83,100.05,1.0005,0.99922
5.835,100.05,1.0005,0.99922
5.84,100.05,1.0005,0.99922
5.845,100.05,1.0005,0.99922
5.85,100.05,1.0005,0.99922
5.855,100.05,1.0005,0.99922
5.86,100.06,1.0006,0.99932
5.865,100.06,1.0006,0.99932
5.87,100.06,1.0006,0.99932
5.875,100.06,1.0006,0.99932
5.88,100.06,1.0006,0.99932
5.885,100.06,1.0006,0.99932
5.89,100.06,1.0006,0.99932
5.895,100.06,1.0006,0.99932
5.9,100.05,1.0005,0.99922
5.905,100.05,1.0005,0.99922
5.91,100.05,1.0005,0.99922
5.915,100.05,1.0005,0.99922
5.92,100.05,1.0005,0.99922
5.925,100.05,1.0005,0.99922
5.93,100.05,1.0005,0.99922
5.935,100.05,1.0005,0.99922
5.94,100.06,1.0006,0.99932
5.945,100.06,1.0006,0.99932
5.95,100.06,1.0006,0.99932
5.955,100.06,1.0006,0.99932
5.96,100.06,1.0006,0.99932
5.965,100.06,1.0006,0.99932
5.97,100.06,1.0006,0.99932
5.975,100.05,1.0005,0.99922
5.98,100.05,1.0005,0.99922
5.985,100.05,1.0005,0.99922
5.99,100.05,1.0005,0.99922
5.995,100.05,1.0005,0.99922
6,100.05,1.0005,0.99922
6.005,100.05,1.0005,0.99922
6.01,100.05,1.0005,0.99922
6.015,100.06,1.0006,0.99932
6.02,100.06,1.0006,0.99932
6.025,100.06,1.0006,0.99932
6.03,100.06,1.0006,0.99932
6.035,100.06,1.0006,0.99932
6.04,100.06,1.0006,0.99932
6.045,100.06,1.0006,0.99932
6.05,100.06,1.0006,0.99932
6.055,100.06,1.0006,0.99932
6.06,100.06,1.0006,0.99932
6.065,100.06,1.0006,0.99932
6.07,100.05,1.0005,0.99922
6.075,100.06,1.0006,0.99932
6.08,100.06,1.0006,0.99932
6.085,100.06,1.0006,0.99932
